Name,Surname,Email,Phone Number,Country
Duilio,Servadio,duilio.servadio@baloise.ch,41794437514,Switzerland
Noelle,Hayoz-Zenhausern,noelle.zenhausern@gmail.com,41797377921,Switzerland
Alexandros,Dinas,a.dinas@gmx.ch,41817712033,Switzerland
Frederic,Nimani,bourligue@gmail.com,41787421649,Switzerland
Bekim,Aliu,luij88@gmx.ch,41799515032,Switzerland
Maria,Sueli Pereira,amanda-kananda@hotmail.com,41779843277,Switzerland
Toli,Jashari,dany010@gmail.com,41762385100,Switzerland
Moradi,Nourahmad,ahmadmoradi461@gmail.com,41765597092,Switzerland
Mireille,Deleglise,mirdeleglise07@gmail.com,41794737476,Switzerland
Marcel,Jacob,luckydodge@gmail.com,41774356247,Switzerland
Maloga,Karamoko-Ouattara,malogakaramoko@gmail.com,41766796322,Switzerland
Irma,RothBadoux,irma.roth.ch@gmail.com,41794353179,Switzerland
Axel,DJALO,ajaxel2416@hotmail.com,41797028953,Switzerland
Cristoforo,Giudice,giudicec@bluewin.ch,41796441080,Switzerland
Francesco,Ienco,franco.ienco@windowslive.com,41772345061,Switzerland
Clementino,Ogbebor,noahreniro@gmail.com,41775297524,Switzerland
Dominique,Luthi,luthidominique@gmail.com,41774331714,Switzerland
Ricardo,Couto,ricsow@hotmail.com,41797974172,Switzerland
Isa,De Maria,assia1202.idm@gmail.com,41798783578,Switzerland
Francois,Coen,coenfrancois@gmail.com,41615780365,Switzerland
Ofohy,N'cho,ofohyleaneidhart@gmail.com,41762588915,Switzerland
Micheloud,Ronald,info@cabanedelamatze.ch,41794749985,Switzerland
Kevin,Antoine Resende costa,kevin.resendecosta@icloud.com,41794510695,Switzerland
Andreas,Jochim,a.jochim@bluewin.ch,41794084563,Switzerland
Rui,Jorge Simoes Areias,oareias@gmail.com,41767127233,Switzerland
leopoldo,tello,leopoldin@hotmail.com,41795329929,Switzerland
Pereira,Tatiana,pereira.tatiana3204@gmail.com,41765093204,Switzerland
Andreas,Blaser,res.blaser@bluewin.ch,41796991111,Switzerland
Carlos,Henrique Barbosa Marques,barbosahenrique1989@gmail.com,41772505762,Switzerland
Anna,Bengler,kargol.anna84@gmail.com,41787336242,Switzerland
Dan,Strauss,dan.strauss@icloud.com,41768048442,Switzerland
Estee,Apaydin,estee@mobile-mail.ch,41794330729,Switzerland
Kevin,Escher,vink28@gmail.com,41799461462,Switzerland
Florian,Paradis,flopar72@bluewin.ch,41796108904,Switzerland
Renate,Weber,renate-burri15@gmail.com,41797326758,Switzerland
Eva,Maseda,eva.maseda76@gmail.com,41795769479,Switzerland
Jozef,Janicek,jozo945986@azet.sk,41767107570,Switzerland
Caroline,Moriniere,caromoriniere@hotmail.com,41795397533,Switzerland
Ilisca,Pop,evatabea.ili@gmx.de,41764245209,Switzerland
Dino,Chreif,dino0606@hotmail.com,41779693824,Switzerland
Soilha,Issa,soilha.issa@gmail.com,41787481752,Switzerland
Daniel,Roncin,1cadeau.dr@gmail.com,41786481694,Switzerland
Cedric,Anker,cedric.anker@me.com,41793195779,Switzerland
Martin,Simcik,simo234@azet.sk,41786755506,Switzerland
Pierre-Andre,Liengme,pliengme@bluewin.ch,41798477432,Switzerland
Teuta,Parvati Michaud,parvatidurga99@gmail.com,41797886969,Switzerland
Stephane,Julen,stephane.julen77@outlook.com,41778175540,Switzerland
Victoria,Miceli,victoria.miceli@gmx.ch,41786700614,Switzerland
Robert,Letavay,robert.letavay@gmail.com,41779098094,Switzerland
Bar,Veridiana,brveridiana@gmail.com,41765628081,Switzerland
David,Garcia,david.garciage09@gmail.com,41765851286,Switzerland
Fabien,chevalley,chevalleyfabien@gmail.com,41796737026,Switzerland
cledir,borges,cledirandre@gmail.com,41793456789,Switzerland
Ediane,Petica,kawanypetica@gmail.com,41791922141,Switzerland
Lucienne,Perroud,lucieperroud@aol.ch,41793269143,Switzerland
Rolf,Reichle,rolf.reichle@gmail.com,41796002589,Switzerland
Roger,Maniema,rmaniema@hotmail.com,41786634393,Switzerland
Loic,Maillard,loic.maillard21@gmail.com,41793240251,Switzerland
Andreas,Altorfer,andreas.altorfer@upd.unibe.ch,41797535189,Switzerland
Salvatore,Cavattetta,zanna-bianca@hotmail.com,41787242323,Switzerland
Stefan,Kulcsar,st.kulcsar@gmail.com,41788328747,Switzerland
Sergio,Brentini,sergio.brentini@gmail.com,41793948430,Switzerland
Jerome,Thuillard,thuillard.j@gmail.com,41762139613,Switzerland
Sokha,Khieu,khieu1970@yahoo.com,41786581583,Switzerland
Avdulla,Zenelaj jeanneret 61 2400 le locle,adnanzenelaj@gmail.com,41791533756,Switzerland
Sami,Bellil,sami.bellil@hotmail.ch,41795804343,Switzerland
Mario,Pedro Mateus,pedromatma@yahoo.com,41775017869,Switzerland
Devad,Mestrovac,dziggi_b@gmail.com,41764703731,Switzerland
Bertrand,Aubery,bbaubery@gmail.com,41787297245,Switzerland
Federic,Gygax,frederic.gygax.breuleux@gmail.com,41792241512,Switzerland
Genc,Aliu,aliu-genc_12@hotmail.ch,41791331444,Switzerland
Sosu,Petru,sosupetru@gmail.com,411231243,Switzerland
Leon,Gaspoz,leongaspoz@gmail.com,41796284621,Switzerland
Omar,Zegmoute,mariozego30@gmail.com,41786354919,Switzerland
Elizabeth,Miranda Munoz Bangerter,pablodavid443@yahoo.fr,41797910567,Switzerland
pamela,roth,pamelaubort@yahoo.fr,41796893453,Switzerland
Bircanoglu,Cem,cbircano@gmail.com,41764639562,Switzerland
Arana,Alejandra,alej0705@hotmail.es,41799467106,Switzerland
Nuno,Carvalho,info@hotmail.com,41788586417,Switzerland
Giuseppe,Aronna,g.aronna@yahoo.com,41791223500,Switzerland
Christian,Bierry,cbierry@hotmail.fr,41795044770,Switzerland
jose,banza,josebanza78@gmail.com,41779464707,Switzerland
Rexhep,SHEHU,rexhepshehu@hotmail.ch,41768156579,Switzerland
Ela,Beadini,zemrije.b@icloud.com,41767116815,Switzerland
Parixk,BRocard,pbrocard65@jpnet.ch,41794587966,Switzerland
Barbara,Favre,barbara.favre75@gmail.com,41792865237,Switzerland
Margherita,Calma,marghecalma84@gmail.com,41764201284,Switzerland
Bashar,Said,baschar.said@hotmail.com,41768037734,Switzerland
Luana,Anselmo,luana.anselmo1982@gmail.com,41763765926,Switzerland
shqipron,sabedini,poni_adi@hotmail.com,41796554824,Switzerland
Nelson,Lopez,nelson@lopez-be.ch,41791025955,Switzerland
Veronica,Scherwey,scherweyveronica@gmail.com,41793139938,Switzerland
Azra,Becirovic,azra.seli75@gmail.com,41788600966,Switzerland
Marie,Lastname,marielynecla@gmail.com,41798660081,Switzerland
Pinto,Joaquim,j3671708@gmail.com,41762172118,Switzerland
Lui,pascale,luigi.pascale@hotmail.com,41797512770,Switzerland
Ferenc,Csikos,csikosf75@gmail.com,41767308208,Switzerland
Laszlone,Fejes,fszilvi1981@gmail.com,41766203051,Switzerland
Julio,Alvarez,alvarez-julio64@hotmail.com,41792359602,Switzerland
Yann,Joye,scott10946@gmail.com,41791377854,Switzerland
JUAN,BALLORCA,ballorcajuan@hotmail.fr,41798294981,Switzerland
Maya,Schneebeli,schneebelimaya138@gmail.com,41794492379,Switzerland
Haythem,Jeridi,rejebhaythem.14@gmail.com,41765118438,Switzerland
Have,Berisha,haveberisha@icloud.com,41799520897,Switzerland
Domenico,Tolomeo,domenico.tolomeo@hotmail.com,41763347582,Switzerland
Lea,Wiedmer,wiedmer.lea@gmail.con,41795728525,Switzerland
Michele,Bruno,micheleforno@icloud.com,41786766871,Switzerland
Albu,Florin,kiraelara7@gmail.com,41791248333,Switzerland
Dashurim,Jashari,kamikaz10241024@outlook.com,41768030386,Switzerland
Fabio,Murarotto,murarottof@gmail.com,41795347548,Switzerland
Mounia,Widmer,mouniwid@hotmail.com,41795852435,Switzerland
Ardian,Zendeli,zendeli.ardian02@gmail.com,41791711715,Switzerland
Sandra,De sotto mayor,angola1966@hotmail.fr,41787888608,Switzerland
Kiflr,Lemlem,kifle012@yahoo.com,41779144072,Switzerland
Didier,Vaucher,f_vaucher@bluewin.ch,41798361814,Switzerland
Alexandra,Pinto,maquilhagem.algarve@gmail.com,41767409487,Switzerland
Ellen,Ruesch,ellenbrunetti@mail.ch,41764193340,Switzerland
Brennwald,Eva,evabrennwald71@gmail.com,41763480749,Switzerland
Carlos,Martins,carlos_martins82@live.com.pt,41765748215,Switzerland
Nassim,Louaab,na2simlou2ab@gmail.com,41791304787,Switzerland
Nicolas,Muser,musernicolas8@gmail.com,41787086572,Switzerland
Roland,Capt,roland.capt@finma.ch,41313279100,Switzerland
Jennifer,Sosa Manzano,jennifer-1330@hotmail.com,41788042715,Switzerland
Jay,Keshwala,jay5374@hotmail.com,41795207618,Switzerland
Elisabete,Michellod,eliscorreia2010@hotmail.com,41782445666,Switzerland
Sanath,Gerber,sanathgerber1978@gmail.com,41765297173,Switzerland
Christine,Jordan,cjordan@zis.ch,41587502500,Switzerland
joaquim,vieira,joaquimvieira67@outlook.com,41793215705,Switzerland
Werner,Mandl,werman25@gmail.com,41792255571,Switzerland
Juerg,Weilenmann,mer09bi7@gmail.com,41719941307,Switzerland
Marco,Buchi,marcob1986@gmx.ch,41796968767,Switzerland
Daniela,Laya,dark.princess93@hotmail.com,41795420238,Switzerland
Angela,Schar,angelaschaer5@gmail.com,41762986368,Switzerland
Marcel,Herwarth,marcel.herwarth@gmail.com,41763687534,Switzerland
Stephan,Schwertfeger,76faeger@gmail.com,41797476803,Switzerland
Francisco,Botin,franciscojbc11@gmail.com,41779429193,Switzerland
Carla,Ribeiro,carlaylino61@gmail.com,41765700891,Switzerland
Pascal,Meng,pascal_meng@hotmail.com,41763033632,Switzerland
Marc,Birk,marc1birk@hotmail.com,41793150644,Switzerland
Konrad,Joos,k.joos@kohlerlm.ch,41796844070,Switzerland
Caroline,Goncalves,gocar@bluewin.ch,41794735647,Switzerland
Kajiparan,Naveena,j.naveena94@hotmail.com,41792964393,Switzerland
Jelena,Mitrovic,svetlanamirkovic01@gmail.com,41794336347,Switzerland
Angela,Gonzalez,agonzalezdenia@gmail.com,41795501710,Switzerland
Alessandro,Marsala,amarsala75@hotmail.com,41765823435,Switzerland
granit,sadriu,granit_sadriu@icloud.com,41782444235,Switzerland
Remo,Wildhaber,wildhaber.rw@gmail.com,41791928879,Switzerland
Fritz,Gugger,fritz.gugger@bluewin.ch,41762203353,Switzerland
Cedric,Streit,cedric@streit.li,41762697447,Switzerland
hayazada,zakaria,zakaria.hayazada75@gmail.com,41796750590,Switzerland
Carole,Fetscherin,carole.fetscherin@gmail.com,41443921717,Switzerland
David,Sigrist,da.04.sigrist@gmail.com,41764169183,Switzerland
Nico,Gisler,kimba.gisler@gmail.com,41791552508,Switzerland
Josef,Sigrist,j.sigrist@sunrise.ch,41763881833,Switzerland
Franz,Ramisberger,franz.robert.ramisberger@gmail.com,41793892529,Switzerland
Toni,Reichlin,t.reichlin@bluewin.ch,41793456155,Switzerland
Michael,Koller,michikoller@yahoo.de,41793744234,Switzerland
Michel,Ferrari,mwferrari@bluewin.ch,41796788587,Switzerland
Mittner,Andreas,info@mittner-muldenservice.ch,41795640091,Switzerland
Dragica,Bachle,dv4@gmx.ch,41797121067,Switzerland
ZAKLINA,Ordic,ordiczaklina7@gmail.com,41762944424,Switzerland
43t25z,rewg54,ksjdzh@gtreokj.ch,41795786531,Switzerland
Miftar,Qorraj,qorrajmiftar@gmail.com,41774022451,Switzerland
Wais,Roina,w.roina@hotmail.ch,41764405082,Switzerland
Michael,Jost,michaeljost666@gmail.com,41772227240,Switzerland
Ragunathan,Suthanthy,s.ragu@bluewin.ch,41764393472,Switzerland
Leonora,Tairi,leonora_as@windowslive.com,41764144356,Switzerland
Rolf,Angstmann,streetcustom@gmx.ch,41765553000,Switzerland
Jelena,Herceg,jelenaherceg1932@hotmail.com,41795877331,Switzerland
Veerasak,Gisin,gisinjay@gmail.com,41796530323,Switzerland
Albin,Kirchhofer,kirchhofer@baselwest.ch,41764927171,Switzerland
MarcR,Mullet,mumaro13@icloud.com,41788230880,Switzerland
Ademo,Kovic,ademokovic@gmail.com,41784538765,Switzerland
Goran,Obadovic,goran.obadovic@gmail.com,41784207841,Switzerland
Simon,Abt,abt.simon@bluewin.ch,41798246668,Switzerland
Gabriel,Bachli,gabriel.baechli@gmail.com,41794050501,Switzerland
Nico,Paulick,nicopaulick47@gmail.com,41797889243,Switzerland
Claudio,Piceci,claudio.piceci@gmail.com,41794404576,Switzerland
Simon,Heyder,heydersimon11@gmail.com,41793247430,Switzerland
Diana,Pezzulla,dpezzulla84@gmail.com,41793803032,Switzerland
Murad,Mohammed,Murad.M98@hotmail.com,41793973504,Switzerland
Fabian,Gramm,fabi.gramm@web.de,41765242445,Switzerland
Cedric,Vogtlin,cedric.voegtlin@hotmail.com,41796292836,Switzerland
Khadar,Xasan,kdaaniye12@gmail.com,41798789604,Switzerland
Thimas,Blum,thurmalin@bluewin.ch,41763717841,Switzerland
Kristyraj,TCroos,r.sujanika@hotmail.com,41764638066,Switzerland
Ralf,Arndt,ralf_arndt@gmx.de,41795721156,Switzerland
Gabriella,Linder,lindergabriella@bluewin.ch,41792798306,Switzerland
Rolf,Nadler,rolf.nadler42@gmail.com,41774837582,Switzerland
Gregory,Catanzariti,catanzariti.gregory@gmail.com,41784003044,Switzerland
Alexander,Wittmann,valerianwtandem@gmail.com,41762334655,Switzerland
Philipp,Demisch,philippino94@hotmail.com,41794875782,Switzerland
Sven,Schneider,sven70.schneider@gmail.com,41796053728,Switzerland
Luca,DAiuto,luca.daiuto@gmx.ch,41794432245,Switzerland
Arjanit,Kadrija,kadrija.arjanit@gmail.com,41765498677,Switzerland
Abraham,Paulos,Paulos.abrham16@gmail.com,41766752726,Switzerland
Mathias,Lutz,mathias112@gmx.ch,41764164404,Switzerland
Xhavit,Krasniqi,info@catgroup.ch,41795052828,Switzerland
Luca,Jolidon,luca.jolidon@gmail.com,41792431788,Switzerland
Linus,Luthi,linusluthi@gmail.com,41782006706,Switzerland
Zinnia,Gaberthuel,zinnia.gaberthuel@bluewin.ch,41794631797,Switzerland
Rafael,Engensperger,rafael.engensperger@gmx.ch,41786183055,Switzerland
Dario,Gaberthuel,dario4510@gmx.ch,41794291279,Switzerland
Marcel,Krauchi,marcelkrauch@gmail.com,41765057027,Switzerland
Ronny,Ghonda,ronnyronghonda@gmail.com,41797772253,Switzerland
Boguslaw,Sarnowski,famsarnowski@gmail.com,41764337808,Switzerland
Nicole,Luond,nicole00@gmx.ch,41796793220,Switzerland
Nicolas,Kohler,nicolas.kohler@rubigen.ch,41798506258,Switzerland
Thomas,Regli,thomas.regli2002@gmail.com,41782560332,Switzerland
vxcv,xcvx,xcvxc.sdf@dasd.de,41445666664,Switzerland
Peter,Pfiffner,peterpfiffner9@gmail.com,41782363536,Switzerland
Saleh,Hammami,salehalhammami1966@gmail.com,41795338834,Switzerland
Scharz,Daniel,t3chno1@hotmail.com,41793625087,Switzerland
Nadia,Fluckiger,nadia_flueckiger@gmx.ch,41798695611,Switzerland
Giuseppe,Iozzi,pino.iozzi@bluewin.ch,41791963398,Switzerland
Gianluca,DAscanio,gdasc@gmx.ch,41767942108,Switzerland
Deniz,Sahin,Denizsahin1995@hotmail.com,41763103606,Switzerland
Yannick,Marti,ymarti887@gmail.com,41798886064,Switzerland
Sarah,Locher,sarah.locher1@hotmail.com,41792181666,Switzerland
Mejdi,Nevzadi,mejdi07.nevzadi@gmail.com,41768035765,Switzerland
Maik,Riedl,maikl81@hotmail.com,41791569152,Switzerland
Besir,Aliti,besiraliti777@gmail.com,41791740287,Switzerland
Hanspeter,Wyss,wysshp@msn.com,41796498066,Switzerland
Jovanovic,marina,marinafuli724@gmail.com,41796866220,Switzerland
Simon,HoLZER,simiroyaletv@gmail.com,41774739727,Switzerland
Elshani,Robert,relshani738@gmail.com,41764768424,Switzerland
Sina,Mangold,sina.mangold@bluewin.ch,41798496927,Switzerland
Vanessa,Badan,vaniba@icloud.com,41788591449,Switzerland
Kristina,Boger,kri.boger@gmail.com,41766338879,Switzerland
Vidanov,Vitalik,vitalik.vidanov@gmail.com,41762005399,Switzerland
Rene,Schoop,reneschoop.rs.rs@gmail.com,41793900852,Switzerland
Eugen,Braun,shamane273@gmail.com,41794662855,Switzerland
Markus,Bill,markusbill2@gmail.com,41791249997,Switzerland
Shaban,Murati,info@msg-werbetechnik.ch,41763455421,Switzerland
David,Komani,komanidavid41@gmail.com,41787807811,Switzerland
Petra,Roos,roos.petra79@gmail.com,41774998624,Switzerland
Sophie,Mey,greyhat@bluewin.ch,41797082322,Switzerland
burkhalter,norbert,burkhaltertrans00@gmail.com,41792197915,Switzerland
Lajos,Balazs,balazslajos001@gmail.com,41764480742,Switzerland
Thomas,Bolt,thobolt@bluewin.ch,41797290821,Switzerland
Khashayar,Jahangiri,khjate@gmx.ch,41796402000,Switzerland
Andrin,Schmed,a.schmedjr@gmail.com,41791550068,Switzerland
noah,Ackermann,noahackermann2005@gmail.com,41775213128,Switzerland
Heinz,Brunner,heinz-eli.brunner@bluewin.ch,41794191839,Switzerland
Akaid,Dzehverovic,kajo_dzehverovic@hotmail.com,41762858366,Switzerland
Edoardo,Marazzi,marazzi56@gmx.ch,41765010727,Switzerland
Omar,Willimann,omar.willimann@bluewin.ch,41794373466,Switzerland
Tibor,Weber,klinik_luftpost.0j@icloud.com,41763673077,Switzerland
Vittorio,Maione,menrico811@gmail.com,41766522495,Switzerland
Anna,Kurmann,annakurmann@outlook.com,41766820023,Switzerland
Marcio,Trolhas,prim0trippout@gmail.com,41765790682,Switzerland
Tamara,Abt,tamara.abt@gmx.ch,41795856899,Switzerland
Alisha,Bader,alisha.bader@outlook.com,41792776522,Switzerland
Erika,Laufer,lauferei@bluewin.ch,41794576768,Switzerland
Zainab,AliDawed,zainab-ali-dawed@hotmail.com,41763653200,Switzerland
Ernst,Vogt,vogt.ernst@gmail.com,41793556153,Switzerland
Koppli,Marcello,cello.koeppli@bluewin.ch,41796028748,Switzerland
zana,mahmood,basel4055@icloud.com,41764484055,Switzerland
Abdulkhaleq,Jamshedzada,khaleq1335@gmail.com,41789757583,Switzerland
Michelle,Schmid,schmid.michelle@hotmail.ch,41774713671,Switzerland
Erwin,Stockli,er.stoeckli@bluewin.ch,41775124956,Switzerland
Janick,Baumgartner,janick.baumgartner@gmx.ch,41754175910,Switzerland
Fabian,Murmann,murmi81@hotmail.con,41792498018,Switzerland
Beatrice,Jucker,beajucker392@gmail.com,41762754511,Switzerland
EberhardKarl,Froese,karleberhardfroese@gmail.com,41765375818,Switzerland
Luca,Schar,lucaschaer97@gmail.com,41798622411,Switzerland
Afzal,Zadran,afzsl.zadran2000@gmail.com,41764481644,Switzerland
Sabina,Gacic,gsabina23@icloud.com,4.15E+14,Switzerland
Dario,Elsener,dariovukelsener@gmail.com,41765056186,Switzerland
Guido,Stadelmann,stadelmann.guido@bluewin.ch,41793837054,Switzerland
Erich,Naepfer,erichnaepfer@gmail.com,41792811838,Switzerland
вЃ·,Wiedemann,jw@business-link.net,41798197119,Switzerland
LorenaDesiree,Meraglia,lorenameraglia12@gmail.com,41763947858,Switzerland
Milos,Mijatovic,milosmijatovic949@gmail.com,41765152352,Switzerland
Marina,Schmitz,marina_schmitz@hotmail.ch,41797157204,Switzerland
Haisam,Idris,lili.i20@outlook.com,41797022365,Switzerland
Desio,Notardonato,desio.notardonato@hotmail.com,41765692996,Switzerland
David,Befus,info.davidbefus@gmx.de,41765068879,Switzerland
Hunziker,Manuela,manuela.hunziker1992@gmail.com,41798702597,Switzerland
Andreas,Zaugg,zauggmotos@bluewin.ch,41797808481,Switzerland
Kevin,Degonda,k.degonda@gmx.ch,41798631683,Switzerland
Joel,Frei,marvinfrei007@icloud.com,41797775995,Switzerland
David,Ehm,ehmdavid@gmail.com,41313111125,Switzerland
Tadej,Debeljak,tadej.ch89@gmail.com,41764309613,Switzerland
Dea,Duriqi,deaduriqi@gmail.com,41793310330,Switzerland
Bonjamin,Sinani,bunja_2010@hotmail.com,41765683401,Switzerland
Michael,Wittwer,mikewittwer93@gmai.com,41793530365,Switzerland
Christina,Lopane,andia.cd@gmail.com,41764566768,Switzerland
Ilona,Grossen,grossenilona@gmail.com,41794180813,Switzerland
Ahmet,Dzebic,a_dzebic@icloud.com,41794408714,Switzerland
Sajan,Rajandran,sajan.rajandran@outlook.com,41763783810,Switzerland
Safet,Hiseni,hisenisafet@gmx.ch,41788436220,Switzerland
Binyam,Michiel,michielbinyam124@gmail.com,41765604695,Switzerland
Agnesa,Berisha,berisha_agnesa@hotmail.com,41791090201,Switzerland
Rino,Casparis,rino.casparis@gmx.ch,41798344527,Switzerland
Ozcan,Ates,oezcan.ates80@gmail.com,41792191445,Switzerland
PeterRoland,Frey,prf85@bluewin.ch,41794111140,Switzerland
Dimitrijevic,Aleksandar,daleksandar605@gmail.con,41764439532,Switzerland
Roland,Mucza,Muczroland@gmail.com,41787724243,Switzerland
ajdin,Kozarac,ajdin_kozarac@sluz.ch,41797661273,Switzerland
Elif,Demiral,elif.demiral76@gmail.com,41765799119,Switzerland
Nikolay,Pfiffner,0voliere_frappes@icloud.com,41792973949,Switzerland
Amir,Peled,apgcom@hotmail.com,41799635994,Switzerland
jasmin,widmer,jasiiwidmer@gmail.com,41798817304,Switzerland
Michael,Frommelt,taxi.frommelt@gmail.com,41795325518,Switzerland
Maic,Mannhart,maic.mannhart@gmail.com,41793493005,Switzerland
Ajla,Hodzic,hodzicajla@hotmail.ch,41763685727,Switzerland
ramon,morenomanzanedo,rm@immomoreno.ch,41762120900,Switzerland
Raffael,Kriech,r.kriech@gmx.net,41793075995,Switzerland
Marc,Barrett,barrettmarc20@gmail.com,41791347460,Switzerland
Ali,Aktas,aktas.ali44@outlook.com,41787441027,Switzerland
David,Bilic,bilicdavid27@hotmail.com,41796727579,Switzerland
Andreas,Mischler,an-mischlet@quickline.ch,41793309205,Switzerland
Daniel,Wiederkehr,wolfdoom@svknet.ch,41766969966,Switzerland
Tim,Wehrlin,wehrlin@me.com,41788728041,Switzerland
YanicJoe,Meier,nigger@work.com,41789553232,Switzerland
Christina,Aeby,christinaaeby@gmx.ch,41765159685,Switzerland
Mischa,Pluss,mischapluss18@gmail.com,41792382698,Switzerland
Jane,Kiriri,kiririjane89@gmail.com,41782224024,Switzerland
Lia,Schaad,liaschaad@gmail.com,41787131806,Switzerland
Ilic,Lazar,l-ilic@hotmail.com,41797801369,Switzerland
Rosaria,DuMari,rosaria-dimari@bluewin.ch,41767401636,Switzerland
Eduardo,Marques,eduardo.chattis@gmail.com,41775287918,Switzerland
Venhar,Valentino,venhar.valentino@gmail.com,41795911303,Switzerland
Cedric,Bron,cedricbr@bluewin.ch,41793063852,Switzerland
David,Fischli,davidfischli8@gmail.com,41799681511,Switzerland
Yohannes,Eyob,john@hidmona.ch,41763850001,Switzerland
Iman,Azimi,azimi10iman@gmail.com,41779606631,Switzerland
natapon,krongthong,natapon0202@gmail.com,41798000643,Switzerland
Leonie,Annen,leonieannen8915@gmail.com,41794806606,Switzerland
stefan,balmer,st-b@gmx.ch,41764707660,Switzerland
Elidona,Binakaj,binaka.e@gmx.ch,41797922664,Switzerland
Sina,Netzhammer,netzhammersina@gmail.com,41763801017,Switzerland
Gerhard,Wirth,gwirth@zahlenimgriff.ch,41772091405,Switzerland
Gabor,Fodor,fodorgabriel@yahoo.com,41763980973,Switzerland
Josua,Eugster,eugster.josua@gmail.com,41768182089,Switzerland
semir,gabsi,semirgabsi2@gmail.com,41791360592,Switzerland
cristiana,pereira,cristiana.mateus@hotmail.de,41786336991,Switzerland
Urs,Graf,sunrisecatcher@gmail.com,41793780267,Switzerland
Peter,Urhofer,urhoferpeter@gmail.com,41774981436,Switzerland
Jakob,AeschlimannJakob,jackaeschlimann@bluewin.ch,41796962816,Switzerland
alban,shala,alban.shala@sulmag.ch,41764143725,Switzerland
Priyankan,Nallathamby,piribest@gmail.com,41786712004,Switzerland
Sascha,Wermelinger,decastro75@gmx.ch,41794519798,Switzerland
Sara,Marchesi,sara.marchesi@hispeed.ch,41775240073,Switzerland
Raphael,Marxer,raphael.ruggell@gmail.com,41789426676,Switzerland
Justin,Thuring,justinth2003@gmail.com,41794546661,Switzerland
Janeth,Carrasco,ja.carrasco1990@gmail.com,41796990768,Switzerland
Rebecca,Tuscher,rebecca_tuescher@hotmail.com,41798226255,Switzerland
Jedrinovic,Vitomir,vito_j@msn.com,41797002715,Switzerland
Ramadan,Karpuzi,drenicark@bluewin.ch,41797627586,Switzerland
Benjamin,Durrer,durrerbenjamin01@gmail.com,41799374548,Switzerland
FAKE,FAKE,GOOGLEer@GMAIL.COM,41764443456,Switzerland
Jannis,Vallata,jannisv05@icloud.com,41796890270,Switzerland
antony,paskes,antonipaskez@mail.com,41443717669,Switzerland
Andreas,Gruninger,bodensee80@icloud.com,41762011670,Switzerland
Thanojan,Sivajan,thano14@outlook.de,41796530314,Switzerland
Affiliat,Romeson,roeme791@web.de,41442235168,Switzerland
FAKE,FAKE,GOOGLE@GMAIL.COM,41782466546,Switzerland
Aca,Milutinovic,aconi@gmx.ch,41789150504,Switzerland
Dominic,Grob,d_grob@gmx.ch,41797298173,Switzerland
Zambonati,Dave,zambonati.dave@bluewin.ch,41793340327,Switzerland
Remzije,Jusufi,remzije_a@msn.com,41787336459,Switzerland
Catherine,Blocher,kaye@gmx.ch,41763732556,Switzerland
Beat,Steger,bsteger@bluewin.ch,41793119113,Switzerland
Jolanda,Tunaj,jolandawasmer@hotmail.com,41799153402,Switzerland
Lukas,Egli,luk.3438@gmail.com,41799060416,Switzerland
Fabio,Peterhans,fabiopeterhans99@gmail.com,41788088585,Switzerland
Cyrill,Inauen,cyrill.inauen@gmail.com,41789087582,Switzerland
Donata,Leckomio,m.-a.viertel@bluewin.ch,41714567421,Switzerland
Gabor,Schmolcz,gabor.smoc@gmail.com,41764805993,Switzerland
Tatjana,Boccia,tboccia@hotmail.ch,41799310798,Switzerland
Serina,Simonet,simonet.serina@gmail.com,41762842912,Switzerland
Markus,Guggisberg,guggi.kusi@gmail.com,41797247177,Switzerland
Matteo,Magro,matteo.magro9123@gmail.com,41774275957,Switzerland
Nesma,Ragab,nesma.rg@outlook.com,41763600555,Switzerland
Clemens,Hutterli,clemenshutterli@gmail.com,41794474573,Switzerland
Shayan,Gandjourpour,ganji.shayan@gmail.com,41799597333,Switzerland
Giancarmine,Cavuoti,gian.cavuoti@sunrise.ch,41793232269,Switzerland
Patrick,Langenegger,langenegger_p@gmx.ch,41796159876,Switzerland
FabioRodriguez,Rodriguez,fabio.rodriguez7@icloud.com,41784086163,Switzerland
ReiNeves,Josue,josuerei@icloud.com,41782167319,Switzerland
urim,zenuni,urim.zenuni@hotmail.com,41763083933,Switzerland
Manuel,Grawehr,grawehr.manuel@bluewin.ch,41787429922,Switzerland
Djonson,Beganaj,b.gonson@gmail.com,41792620815,Switzerland
Erina,Aliu,erinaaliu287@gmail.com,41765248750,Switzerland
Rasema,Crnisanin,rasema.crnisanin@icloud.com,41765692578,Switzerland
Armando,Janzik,armando.janzik@icloud.com,41764182512,Switzerland
Doris,Fischer,dorisfischer@hotmail.comcom,41794139689,Switzerland
Nik,Stuber,nikstuber10@gmail.com,41798161470,Switzerland
Giovanni,Posca,posca.giovanni00@gmail.com,41764690335,Switzerland
MariusRobert,Derungs,marius.derungs87@bluewin.ch,41792955259,Switzerland
Prasad,Khatavkar,prasadkhatavkar25@gmail.com,41779637553,Switzerland
Norbert,Kakucska,kakucska30@gmail.com,41779813110,Switzerland
Roberto,Currau,robi.currao@gmail.com,41766804994,Switzerland
PhilippAlbert,Gyr,phlip@bluewin.ch,41796983232,Switzerland
Antonio,Jelec,toni.jelec@gmail.com,41775201843,Switzerland
Marisa,Duarte,marisa.duarte@hotmail.de,41764301288,Switzerland
Serhat,Yildirim,serhatyildirim4@hotmail.com,41792573805,Switzerland
Zehrudin,Rizvic,rizviczehrudin199@gmail.com,41792515151,Switzerland
Jelena,Boskovic,jelenaboskovic1985@gmail.com,41792017779,Switzerland
Kesinth,Lingendran,kesinth_lingendran@hotmail.com,41792687708,Switzerland
Kurt,Schnider,kurt.schnider71@bluewin.ch,41793529139,Switzerland
Sarina,Reutemann,sarina.reutemann@bluewin.ch,41763713998,Switzerland
Gabrielle,Stadler,rumpelstilz@raeto.net,41794063406,Switzerland
Alessandro,Candotti,a-candotti@gmx.ch,41787227545,Switzerland
Clara,MegallisGedda,claragedda@gmx.ch,41764609266,Switzerland
Teodora,Savic,teodorap173@gmail.com,41779552015,Switzerland
test,test,test75893iPq@gmail.com,41758484662,Switzerland
Rudolf,Sahli,r.sahli@me.com,41793087257,Switzerland
Egzona,Hani,gonshe_9411@hotmail.com,41791013283,Switzerland
bruna,nunes,brunamacedonunes1@gmail.com,41795439695,Switzerland
Monika,Manoglou,hausmaribu@gmx.ch,41765624855,Switzerland
Damian,Schneider,damian.schneider@thurweb.ch,41774030452,Switzerland
Nestor,Lombao,nestor.lombao@progan.com,41792156813,Switzerland
Noel,Saxer,noel_sa97@icloud.com,41793121542,Switzerland
GerhardHelmut,Haberfellner,gerryhaberfellner19@gmail.com,41799389134,Switzerland
Jan,Rothenberger,jan.rothenberger98@gmail.com,41797905165,Switzerland
AlvaroDaniel,FerrerCevallos,alvaro.guroar@gmail.com,41782571758,Switzerland
Arlind,Perzhaku,arlind2004@gmx.ch,41774937025,Switzerland
Imtiaz,Salar,salar74@gmx.ch,41779186392,Switzerland
Thomas,Weder,thomasweder5@gmail.com,41794282645,Switzerland
Dominik,Andras,dominik.andras@gmail.com,41762312112,Switzerland
Aharon,Siani,sf@siani-food.com,41763994477,Switzerland
Sandro,Kunz,snd.kunz@gmx.ch,41796151909,Switzerland
Gertrud,Muller,Gertrud.Mueller53@icloud.com,41788050626,Switzerland
Adrian,Huwiler,adi.huw@gmail.com,41794259528,Switzerland
Bajram,Kadriu,bkadriu@hotmail.ch,41765934880,Switzerland
MohammedAlaa,Kurdi,alaakurdi1984@gmail.com,41791557964,Switzerland
Sipic,Hamida,hamida.sipic@hotmaim.com,41768223886,Switzerland
Ijampillai,Chandrakumar,kalpana-gmbh@gmx.net,41786322453,Switzerland
Rene,Born,reneborn4@gmail.com,41793835965,Switzerland
Visar,Asani,v.asani1@hotmail.com,41767044940,Switzerland
Marjan,Tanushaj,marjan.tanushaj@hotmail.com,41762125569,Switzerland
Dietmar,Dietz,dietmar.dietz-ulrichstein@t-online.de,41799133217,Switzerland
Durak,Fazliji,durak.fazliji@gmail.com,41799383029,Switzerland
Qasemi,Aref,Arifqasemi2017@gmail.com,41794696899,Switzerland
Dominik,Lotscher,dominik.loetscher@hotmail.com,41794275230,Switzerland
PeterUeli,Flutsch,pedrofluetsch@bluewin.ch,41774217729,Switzerland
Andreas,Bartuma,andreasbartuma@me.com,41797980665,Switzerland
Gerard,Abrahamse,gerryabrahamse@gmail.com,41791941051,Switzerland
Harald,Waldner,ha-wa@hispeed.ch,41764660265,Switzerland
Luma,Naser,luma.naser005@hotmail.com,41764712005,Switzerland
Tom,Feuz,freeestyletom@gmail.com,41762840721,Switzerland
Martin,Berger,Martin.Berger@glattfelden.ch,41793524158,Switzerland
Sharon,Afshar,roschan196@gmail.com,41766866913,Switzerland
Thilo,Schmidt,thiloprivat@gmail.com,41764794051,Switzerland
Urs,Summermatter,urs.summermatter@hotmail.com,41793682830,Switzerland
Zulfu,Nazik,info-nazik@bluewin.ch,41793310825,Switzerland
Tschau,Sepp,tschau.sepp@hotmail.com,4.14E+11,Switzerland
Katrin,Giger,reidenbeauty@gmail.com,41627582400,Switzerland
Loredana,Fritschi,fritschiloredana@gmail.com,41798477719,Switzerland
Idrizi,Burhan,idrizi.burhan90@hotmail.com,41763384457,Switzerland
Skelzen,Abduli,geni.abduli@hotmail.ch,41767777293,Switzerland
Silas,Ling,ling.silas@gmx.net,41764544556,Switzerland
Marco,Anrig,anrig@gmx.ch,41794075686,Switzerland
Irene,Sieber,sieber.irene@bluewin.ch,41795125216,Switzerland
Rayana,Kadyrova,rani9599@yahoo.com,41782044655,Switzerland
Fabian,Wuthrich,fabian.wuethrich02@gmail.com,41791205707,Switzerland
Benjamin,Scheurer,bscheurercrypto@gmail.com,41786866520,Switzerland
Fadi,Awile,fadiawile@yahoo.com,41792960018,Switzerland
Susanne,Sonderegger,s.sonderegger@gmx.ch,41774512629,Switzerland
Beat,Senn,beat.senn1974@gmail.com,41796541281,Switzerland
Celine,Steiner,steinerceline@hotmail.com,41782046559,Switzerland
Markus,Heller,mussapost@gmx.net,41762622814,Switzerland
admir,kadric,vipae6@gmail.com,41794277594,Switzerland
Vikin,Dia,VikinDia@web.de,41719129779,Switzerland
Nurgul,Unlu,mayis1999@hotmail.com,41798335541,Switzerland
Shklqim,Dervishi,shklqimdervishi@gmail.com,41764650163,Switzerland
Christina,Pletsch,christina.p@gmx.net,41764759761,Switzerland
Jeannette,Gallucci,jeannette.gallucci@bluewin.ch,41788705152,Switzerland
Ronald,Karlen,r.karlen@gmx.net,41793393712,Switzerland
Ahmed,Dahirsaid,Ahmed.dahir165@gmail.com,41797106596,Switzerland
Florin,Funke,florinfunke11@gmail.com,41763105697,Switzerland
IVANGILBERT,SCHNIDER,ivan.schnider@bluewin.ch,41793580162,Switzerland
Stefan,Wenk,wenk911@bluewin.ch,41786036968,Switzerland
Manuella,Llukes,m.llukes@hotmail.com,41786355081,Switzerland
Erich,Leuenberger,erichleuenberger@gmail.com,41767492464,Switzerland
Loris,Capuzzi,loris.capuzzi1005@gmail.com,41789051028,Switzerland
Ruedi,Meienberg,ruedi301186@gmail.com,41788065385,Switzerland
Nathanael,Dubacher,na.du@gmx.ch,41798198078,Switzerland
Andrina,Loosli,leahans44@gmail.com,41774065577,Switzerland
Darko,Despinic,d.despinic@hotmail.com,41793772440,Switzerland
Das,Hosenscheisser,ingo@hosenscheisser.net,41900666677,Switzerland
Bettina,Franz,bezzi2014@gmail.com,41772614204,Switzerland
Casar,Mosch,moschcasar934@gmail.com,41782519941,Switzerland
Liksan,Theiventhiram,liksan@live.de,41786303948,Switzerland
Kosumi,Vlora,Dumnica.vlora@hotmail.com,41786790262,Switzerland
Steffy,Tambini,stephanie-tambini@gmx.ch,41793179152,Switzerland
DeaR,Basic,onlineadresse@gmail.com,41795810133,Switzerland
Luca,Kocabas,luca.4123@hotmail.com,41762101125,Switzerland
Christelle,Trousselot,rabia.73@outlook.com,41782019475,Switzerland
Markus,Buchs,markus.buchs@gmx.ch,41793948930,Switzerland
Markus,Wilfratt,willfratt@gmx.ch,41796701631,Switzerland
silviu,muntean,silviuxxxx71@gmail.com,41767115451,Switzerland
Halefom,Abera,halefomabera97@gmail.com,41762837496,Switzerland
Raphael,Frei,raphael.frei@gmx.ch,41787096320,Switzerland
Ruedi,Graf,rudigraf@bluewin.ch,41793525588,Switzerland
Montgomery,Blanckarts,montyyy@hotmail.de,41786327165,Switzerland
Martin,Interbizin,martini@gmx.ch,41774251365,Switzerland
Tim,Michel,michel.tim@bluewin.ch,41797783775,Switzerland
Daniel,Schaufelbuhl,schufi1000@gmail.com,41798842575,Switzerland
Martin,Arnold,arnold99@gmx.ch,41793870328,Switzerland
Patrick,Berger,info@hofgarage-berger.ch,41523053333,Switzerland
Memeti,Jeronim,jero1804@hotmail.com,41787428906,Switzerland
Manuel,Grichting,manuel.grichting@icloud.com,41765682540,Switzerland
JeanPierre,Schadler,j.p.schaedler@gmail.com,41762341957,Switzerland
Loris,Romandini,lorisromandini@gmail.com,41799341055,Switzerland
Farouq,Sarwar,sarwar.g.farouq@hotmail.com,41799398926,Switzerland
Sali,Shaban,salisabanbani@gmail.com,41798350804,Switzerland
KimMartin,Uhlmann,investion@mein.gmx,41762385560,Switzerland
Onursal,Kocyiit,onursal@gmx.ch,41794880700,Switzerland
Ilir,Morina,morina.ilir1992@outlook.de,41787444941,Switzerland
Ioannis,Fthenakis,fthenakisioannis@gmail.com,41767417086,Switzerland
Andreas,Brant,anbrant@gmx.ch,41786471895,Switzerland
maja,Fulop,maja99878@hotmail.com,41762203309,Switzerland
Nadine,Danzer,bisamrattefrance@gmail.com,41765309202,Switzerland
Skander,Mhedhbi,skandermhedhbi123@hotmail.com,41764409036,Switzerland
IvoryDeclanDV,NguyenMcKnight,hannibaltiberius288@gmail.com,41767621871,Switzerland
Nadia,Meier,nadimeier@me.com,41796650705,Switzerland
Roger,Wirz,rowitrans@bluewin.ch,41765239041,Switzerland
Dominik,Ettlin,dominikettlin@gmail.com,41797019842,Switzerland
Sandmeier,Rosmarie,Rosmarie-sandmeier@bluwin.ch,41795106017,Switzerland
Reto,Kofmel,kofi1@gmx.ch,41787206993,Switzerland
Nazim,Dilekci,nazim.dilekci@gmail.com,41788978100,Switzerland
Walter,Lehmann,walter.lehmann@sbbcargo.com,41794469673,Switzerland
Veronika,Sahler,veronika@sahler.net,4.15E+14,Switzerland
Mahmud,KianiFard,m_kiani@icloud.com,41763258358,Switzerland
Hagar,Shahin,h.shahin@gmx.ch,41787859620,Switzerland
AliAsghar,Nauroozy,Naurooozy@hotmail.com,41786617777,Switzerland
Keijo,Weibel,weibelkeijo@gmail.com,41799432244,Switzerland
Simon,Knecht,simon.knecht0712@gmail.com,41799289007,Switzerland
Heinz,Tschudin,heinz.tschudin@gmail.com,41795861097,Switzerland
Ursula,Steinmann,ursi42@hispeed.ch,41764977177,Switzerland
Joseph,geezner,gerzner08@gmail.com,41762024430,Switzerland
Abed,AlHijjawi,fit044@yahoo.de,41788888018,Switzerland
hans,lauerz,h.lauerz@gmail.com,41795667879,Switzerland
Luke,Brag,lukebrag@web.de,41313853348,Switzerland
giovanni,avagliano,navigare09@outlook.com,41764923336,Switzerland
Patrick,Buchs,p_buchs@bluewin.ch,41796932747,Switzerland
Mujtaba,Mohamadi,mujtaba.mohamadi@hotmail.com,41763045567,Switzerland
Kristjana,Ransi,biblekajkristjana760@gmail.com,41786171853,Switzerland
Christian,Palatini,chpalatini@bluewin.ch,41793361693,Switzerland
Moritz,Hohl,moritz_hohl@hotmail.com,41787728173,Switzerland
chani,nuredini,qaninuredini66@icloud.com,41763342675,Switzerland
Jasmina,Meshkovska,jasmina-meshkovska@hotmail.com,41792209621,Switzerland
Tomcho,Tomchev,tomchevtomcho@gmail.com,41782577285,Switzerland
Monika,Tonz,mo.toenz@quickline.ch,41797453624,Switzerland
Denis,Wuthrich,denis.w_42@hotmail.com,41786911871,Switzerland
Sadi,Ulugol,dr.ulugoel@bluewin.ch,41793405170,Switzerland
Philip,Meyer,p.meyer@rolatra.ch,41794642003,Switzerland
Lara,Durrer,lara15.durrer@gmail.com,41791542556,Switzerland
HansPeter,Vogeli,tradcon@swissworld.com,41796713064,Switzerland
Ibrahim,Balaban,ibybal@gimal.com,41767570858,Switzerland
Ddcc,Dxvjtdy,derjv@hotmail.com,41791111111,Switzerland
Karei,Luthi,karei.luethi@bluewin.ch,41763770340,Switzerland
Memduh,Kocadal,kocadal@icloud.com,41764668405,Switzerland
Daniel,Abacherli,da@badewannenservice.ch,41794194942,Switzerland
Cornelia,Hunkeler,phoenixkurier@gmx.ch,41767111030,Switzerland
Kurt,Burkhard,kurt_burkhard@yahoo.de,41774732362,Switzerland
Hernani,Eira,hernani_25@hotmail.com,41762710230,Switzerland
Kongphob,Kaeosanga,kaeosanga85@gmail.com,41795510888,Switzerland
Ferreira,Ramiro,ferro63@bluewin.ch,41791751621,Switzerland
Cemalj,Eedzepi,c.redzepi@hotmail.com,41794206624,Switzerland
Francesco,Varrese,varrese@bluewin.ch,41797241889,Switzerland
Noel,Holzherr,noel.holzherr@gmx.ch,41798009824,Switzerland
Jasmin,Hermann,jasih767@gmail.com,41764240778,Switzerland
Benjamin,Scheurer,bscheurer2000@outlook.com,41786966520,Switzerland
Melissa,JenniferHersberger,melissa.hersberger@hotmail.ch,41797992329,Switzerland
Francine,Maier,frama2554@gmail.com,41764671912,Switzerland
Redwan,Tatar,tetersuisse@gmail.com,41764100047,Switzerland
Majed,Draii,majed007@icloud.com,41795125007,Switzerland
Natascha,Burki,buerkin@hotmail.com,41765940752,Switzerland
Muller,Thomas,guggerspez@autlook.com,41786278001,Switzerland
Nicola,Cecere,n.cecere@bluewin.ch,41799332611,Switzerland
Altin,Mazrekaj,altin.maz@icloud.com,41762010750,Switzerland
Samir,Litaj,samir.litaj@ouzlook.com,41786685940,Switzerland
Fabio,Portmann,fabiomatia@gmail.com,41794424498,Switzerland
Sven,Prudon,sven.prudon@gmx.ch,41788471569,Switzerland
Nadine,Kuhn,nadine.kuhn10@gmx.ch,41787681608,Switzerland
Johannes,Hewel,hewel.praxis@gmail.com,41789493986,Switzerland
Marjanco,Markivski,simprom28@gmail.com,41783787856,Switzerland
Yves,Zwyssig,zwyssig.yves8@gmail.com,41766820803,Switzerland
Tiago,Marques,tiagorsm2002@gmail.com,41786689511,Switzerland
Beat,Krahenbuhl,beat-2003@hotmail.ch,41792109871,Switzerland
sedat,sulejmani,ssulejmani13@gmail.com,41766758482,Switzerland
Marko,Krcmarevic,aryppean@gmail.com,41765866015,Switzerland
Berchtold,Luca,luca.padawan02@gmail.com,41799264977,Switzerland
Maik,Amhof,maik.amhof@bluewin.ch,41791913876,Switzerland
Donjeta,Hajrizaj,d.hajrizaj@hotmail.com,41763103912,Switzerland
Roberto,Simone,robersimone@gmail.com,41792101746,Switzerland
Miran,Ziberi,miranziberi@hotmail.com,41799669462,Switzerland
Shania,Felix,shaniafelix@gmx.ch,41796249020,Switzerland
pascal,humbel,ufoo@gmx.ch,41796414390,Switzerland
Mario,DiBella,mario.dibella@bluewin.ch,41786663706,Switzerland
Teresa,Gozzer,teresa.gozzer@gmail.com,41786568691,Switzerland
milica,gajic,milica.milic.96@hotmail.com,41797992325,Switzerland
Urs,Weber,weberu999@gmail.com,41794530066,Switzerland
Rascha,Awada,raschaawada@icloud.com,41786407023,Switzerland
Vukica,Vujicic,luka.vujicic@hotmail.com,41763671770,Switzerland
HansRudolf,Huwyler,hrhuwyler@bluewin.ch,41762129808,Switzerland
Antonio,Castellano,castellanoxme@gmx.ch,41764122177,Switzerland
Stefka,Betti,betti@shinternet.ch,41793731762,Switzerland
DaCostaFerreira,CarlosAndre,carlos_job1992@outlook.de,41794771689,Switzerland
Alisha,Czerwenka,alisha.cz@gmail.com,41763376515,Switzerland
Patrick,Marques,info@zmmanagement.ch,41791348888,Switzerland
Dari,Mari,marifari@gmail.com,41787778982,Switzerland
Leoran,Amzi,leo.amzi@gmx.ch,41798007737,Switzerland
Argjend,Gashi,gashiargjend@hotmail.com,41764415662,Switzerland
Walter,Glaub,glaubw@yahoo.com,41794467238,Switzerland
Alfred,Gerber,alfred.gerber16@bluewi.ch,41792251150,Switzerland
Victoria,Schmidt,vicismith.95@gmail.com,41795402207,Switzerland
Christian,Hausermann,chrursi@gmx.net,41449235602,Switzerland
Andre,Schuler,andre.schuler@outlook.com,41786774676,Switzerland
Sibylle,Studer,studer.s44@gmail.com,41764104132,Switzerland
Vesa,Starabanja,vesa-s2000@hotmail.com,41792436144,Switzerland
Joel,Wampfler,joel.wampfler98@gmail.com,41797432215,Switzerland
Fanni,Szombati,fanni.szombati@web.de,41797137717,Switzerland
Max,Johannsmeier,max.johannsmeier@gmail.com,41787378288,Switzerland
Carlos,Suero,carlossueroviloria@gmail.com,41764313111,Switzerland
Kabilan,Theavarajah,kabilan.thevarajah.14@gmail.com,41782082008,Switzerland
Leonie,Mautz,leoniemautz@gmail.com,41791558339,Switzerland
Hediye,Kizilirmak,hediyekizilirmak@hotmail.com,41765442528,Switzerland
Beat,Kohler,bkohler@sunspirit.ch,41796526332,Switzerland
Zeqiri,Skender,skender.zeqiri@gmx.ch,41792130067,Switzerland
Fontana,Sara,paolisi_sara@hotmail.com,41768241310,Switzerland
Marco,Gabutti,marco.gabutti@egabutti.ch,41796208085,Switzerland
Farzad,Finke,ferixp70@googlemail.com,41782155451,Switzerland
kathrin,bani,kathrin.bani@gmail.com,41797597448,Switzerland
Olena,Trufanova,trufanova@gmx.ch,41799490865,Switzerland
enver,kocaslan,enver_kocaslan@hotmail.com,41793766879,Switzerland
Max,Felber,felber.max@gmx.net,41792555820,Switzerland
Tamara,Ingold,tamy_89@gmx.ch,41765922871,Switzerland
Manuel,Scherrer,scherrer.manuel@gmx.ch,41774960354,Switzerland
Beat,Buhlmann,jerry.buehlmann@gmx.ch,41793026814,Switzerland
Diasfonseca,Denice,diasfonsecadenise32@gmail.com,41792605288,Switzerland
Ali,Ibrahimi,aliibrahimi700@gmail.com,41764059006,Switzerland
Reto,Melcher,retomlchr@gmail.com,41782267942,Switzerland
Bleron,Pulka,justbleron@gmail.com,41791035251,Switzerland
Jurg,Baumgartner,juergbaumgartner@bluewin.ch,41794686057,Switzerland
Mohammad,Abdullah,mohammad@tekin-group.ch,41786615992,Switzerland
Mandy,Stark,mandy.stark@hotmail.ch,41787278706,Switzerland
Christian,Aguayo,info@atelieravantgarde.ch,41786232454,Switzerland
yves,perren,yvesperren@gmx.ch,41762133150,Switzerland
Anna,Giordano,anna-giordano@bluewin.ch,41799510512,Switzerland
walter,spiess,waspiess@bluewin.ch,41798245176,Switzerland
Cihan,Albayrak,geegee44geegee44@gmail.com,4.15E+14,Switzerland
Schutz,NicoTristan,nico.schuetz4@gmail.com,41787847554,Switzerland
Laurie,Voutat,laurie_voutat@hotmail.com,41774783572,Switzerland
Lisa,Gerber,lisa.gerber050100@gmail.com,41765777910,Switzerland
Lukas,Gehrig,lukas_gehrig@hotmail.com,41796428981,Switzerland
Rene,Meier,meier99@bluewin.ch,41795830572,Switzerland
Alex,Muller,alexmueller07@outlook.de,41798621777,Switzerland
Xavier,Vonmoos,xavier.vonmoos@gmx.ch,41795212121,Switzerland
Mathias,Russenberger,m.russenberger@hotmail.com,41764565081,Switzerland
Denise,Gandara,denise.gandara@bluewin.ch,41793183144,Switzerland
KimMarie,Maldoff,kim.maldoff@gmail.com,41796130341,Switzerland
Daniel,Bollier,danielbollier3@gmail.com,41764343529,Switzerland
Angela,Wuthrich,a.wuethrich8@gmail.com,4.15E+12,Switzerland
Milena,Gertik,milenagertik@gmail.com,41786931303,Switzerland
Maria,Koller,mariakoller1983@gmail.com,41764999462,Switzerland
Gisela,Garcia,g.garciameyer@hotmail.com,41796312415,Switzerland
Temesgen,Hadgu,temi.hadgu@gmail.com,41782504027,Switzerland
ilario,rogenmoser,ilroggi@gmx.ch,41798412413,Switzerland
Ajshe,Hoxha,ajshehoxha@outlook.com,41782292510,Switzerland
Sonja,Roosli,roosli.sonja@gmail.com,41765192446,Switzerland
Alexander,Schlegel,AlexanderSchlegel@gmx.ch,41767788670,Switzerland
Yulyestefany,NunezRodriguez,amoremio132013@gmail.com,41799605831,Switzerland
Safije,Fazlija,safijefazlija287@gmail.ch,41798808869,Switzerland
Oceane,Ghanbari,oceanegha@bluewin.ch,41798448308,Switzerland
Vincenzo,Fedele,vincenzohome.fedele@outlook.com,41798899991,Switzerland
Lukas,Deutsch,hm04al@gmail.com,41793481497,Switzerland
Janis,Nadler,janis.nadler@bluewin.ch,41798165282,Switzerland
Mitar,Miric,mitarmiric@hotmail.com,41763328682,Switzerland
Lea,Koller,lea-koller@bluewin.ch,41763319320,Switzerland
Christen,Stefan,christen.stefan@hotmail.com,41792812626,Switzerland
Simon,Mettler,simonmettler@hotmail.ch,41798918052,Switzerland
Stephanie,Marti,marti.stephanie@gmx.ch,41795217442,Switzerland
REDA,GOUMRI,hire@live.fr,41763342100,Switzerland
Celine,Kipfer,ckipfer2001@gmail.com,41762379903,Switzerland
MohammadReza,Mohammadi,rmohammadi960@gmail.com,41795325154,Switzerland
Avraam,Spanos,abraamsp@gmail.com,41767790922,Switzerland
Frank,Lang,franklang@web.de,41269547126,Switzerland
Bruno,Birchmeier,bruno.birchmeier@bluewin.ch,41799253037,Switzerland
Rainer,Ebersold,rain22@gmx.ch,41794277510,Switzerland
Syle,Mustafaj,syle.mustafaj72@gmail.com,41797565869,Switzerland
Marcel,Giesberger,Giesbergermarcel@gmail.com,41795771104,Switzerland
kgovo,ihovih,ohiht@icloud.com,41413775398,Switzerland
SeyedAliShah,Abedi,abedisayedalishah@gmail.com,41764620279,Switzerland
Lajos,Rostas,laro23@gmx.ch,41788502127,Switzerland
Mansura,Mohammadi,m.madadi1989@hotmail.com,41764884241,Switzerland
Bedri,Islami,islamibedri@icloud.com,41764224728,Switzerland
Sanjay,Sharma,sanajysharna@hotmail.ch,41787316690,Switzerland
Viktor,Petrovic,petrovic9904@gmail.com,41763449904,Switzerland
Serdar,Yonsul,serdaryonsul21@gmail.com,41763585989,Switzerland
Alex,Caro,alexandrecaro2000@hotmail.com,41764489129,Switzerland
Gjyste,Kuzhnini,gjyste_kuzhnini@hotmail.com,41767085789,Switzerland
Yolanda,de la Cruz,yolanda_delacruz@hotmail.com,41526700632,Switzerland
Jorge,Oliveira,j.a.s.o198630@gmail.com,41765306455,Switzerland
Ljeposava,Dimitric,lepadimitric@icloud.com,41556432268,Switzerland
Nasir,Sasivari,n.sasivari@icloud.com,41791077302,Switzerland
Concettina,Dea,deangelisconcetta44@gmail.com,41793692525,Switzerland
Claudio,Mio,mio_gary@yahoo.com,4.11E+11,Switzerland
Alijovski,Isamedin,alija-isamedin@hotmail.com,41798005464,Switzerland
Lajos,Dr. FABIAN,dr.l.fabian@protonmail.com,41798116735,Switzerland
Michelle,Scarano,michelle.smily@hotmil.com,41795660983,Switzerland
amin,gomri,amin.gomri@icloud.com,41786645870,Switzerland
Herceg,Marjan,mario.adam@hotmail.com,41788232158,Switzerland
Fredi,Naf,f.naef@thurweb.ch,41793306311,Switzerland
Johann,Felix,hansfelix@gmx.ch,41794179159,Switzerland
Manuela,Pertinez,pertinezmanuela@yahoo.com,4.11E+11,Switzerland
Dejan,Curilovic,deeejan84@gmail.com,41767061127,Switzerland
Rosmarie,Lehmann,rosmarielehmann@hotmail.com,41787939480,Switzerland
Eqerem,Nurshaba,qema.n@icloud.com,41795800891,Switzerland
Rolf,Riethmann,riethmann@gmx.ch,41796117483,Switzerland
Goran,Vujinović,goran_v_63@hotmail.com,41796481084,Switzerland
Chantal,Zgraggen,latnach.zgraggen@hotmail.com,41799323189,Switzerland
Isabelle,Hunziker,isabelle.hunziker@gmx.ch,41766822591,Switzerland
Roger,Stritt,Rogerstritt@outlook.de,41768033125,Switzerland
Durdane,Akgül,d.akguel@swissonline.ch,41763246954,Switzerland
Patricia,Lamelza,p.lamelza22@gmail.com,41793394442,Switzerland
Pascale,Berner,pascale.berner@gmx.ch,41764335588,Switzerland
Walker,Pascal,pascal.walker1993@gmail.com,41766716425,Switzerland
Odalis,Frias,odalis.frias@hotmail.com,4.11E+11,Switzerland
Melinda,Bertalan,bermeli71@outlook.com,41772579666,Switzerland
Romina,Ravani,romina.ravani@gmail.com,4.11E+11,Switzerland
Stefan,Campesato,stefancampesato@hotmail.com,4.11E+11,Switzerland
Yahia,Bozghiba,boxe_3@hotmail.com,4.11E+11,Switzerland
Konjevic,Branka,Konjevic.beslic@hotmail.com,41789222310,Switzerland
Cemal,Akdag,akdagali@hotmail.com,41765732444,Switzerland
Michael,Pintoffl,info@plattenbelaege-pintoffl.ch,4.11E+11,Switzerland
Voumard,Ramona,theater.cool@gmx.ch,4.11E+11,Switzerland
Martin,Ramsauer,martin.ramsauer66@icloud.com,41774878283,Switzerland
Miroslav,Stojanovic,stojanovicpppijjj@hotmail.com,4.11E+11,Switzerland
Ueli,Andres,ueli.andres@hotmail.com,41763939462,Switzerland
Horst,Leiter,horst.leiter@outlook.com,41765708101,Switzerland
Anthony,Migliore,anthony_migliore@hotmail.com,41793013629,Switzerland
Angella Sophia,Otoya Bellina,angellakuhn32@hotmail.com,41775204166,Switzerland
Rohollah,Ramazani,rohollah.ramazani@icloud.com,41763654407,Switzerland
Ursula,Weber,ursula_weber@hispeed.ch,4.11E+11,Switzerland
María,Soler,marimeli7s@hotmail.com,41781989532,Switzerland
Elba,Dahbar,dahbar.elba@outlook.com,41787079037,Switzerland
Anina,Schanmann,a.schoenmann@outlook.com,4.11E+11,Switzerland
Manuel,Broschek,Manuelbroschek@gmx.de,41786466670,Switzerland
Martin,Wright,dinuonly@hotmail.com,41793540824,Switzerland
Mirkovic,Radmila,rada0903@icloud.com,41792713753,Switzerland
Kiri,Plüss,v.pluess@hotmail.com,41788395227,Switzerland
Fritz,Nydegger,fnydegger@outlook.com,41763762479,Switzerland
Matthias,Tanner,djneel@gmx.ch,41787978706,Switzerland
Daniel,Mauch,info@taxi-mauch.ch,41712224454,Switzerland
Fatima,Chouklati,fatimachouklati@hotmail.com,41792726793,Switzerland
Ljavdrim,Uzairi,uzairi-lavdrim@hotmail.com,41791080257,Switzerland
Marlies,Mischler,mischlermarlies1@gmail.com,41762290935,Switzerland
Valbone,Berisha,valbone.berisha@hotmail.com,41766311021,Switzerland
Yannick,Karli,nicki_1294@hotmail.com,41794089468,Switzerland
Barbara,Scerbova,basamajo@hotmail.com,41763612611,Switzerland
Valbona,Shallti,valbona1912@hotmail.com,4.11E+11,Switzerland
Aziza,Malki,malkiaziza301@gmail.com,41774032546,Switzerland
Pranvera,Ramadani,ramadani.pranvera06@gmail.com,4.11E+11,Switzerland
pascal,Frank,pascal_frank@hotmail.com,41796773225,Switzerland
Shaban,Rekaj,rekajshaban@gmail.com,4.11E+11,Switzerland
güney,kara,gueney.kara@gmx.ch,41789875652,Switzerland
Frivoli,Michele,frivoli@gmx.ch,41763340582,Switzerland
Lothar,Schwendinger,Lothar.Schwendinger@hotmail.com,41763987500,Switzerland
Jesica,Martínez,seelensternen@icloud.com,41786038382,Switzerland
Besnik,Bytyqi,bytyqi159@hotmail.com,41787200332,Switzerland
Eda,Kara,edakara2016@hotmail.com,41798426335,Switzerland
Fanel,Mihai,fanelmihai133@hotmail.com,41762010634,Switzerland
Prandvera,Bajraktaraj,prandvera_hasanaj@windowslive.com,41763305210,Switzerland
Urs,Heinzer,uheinzer@sunrise.ch,41796352326,Switzerland
Lampart,Marion,marionlampart@gmx.ch,41793132965,Switzerland
Patricia,Guizzo,patriciaguizzo@gmx.ch,41795505913,Switzerland
silvia,gubser,silviagubser56@icloud.com,4.11E+11,Switzerland
Jasmin,Morgenthaler,jasminmorgenthaler@hotmail.ch,41789488489,Switzerland
Alfred,Schuster,Fredy.fas@GMX.ch,4.11E+11,Switzerland
Antoneta,Krasniqi,neta_kk8@hotmail.com,41797909395,Switzerland
Henrie,Toradi,henrie.toradi@icloud.com,4.11E+11,Switzerland
Udo Norbert,Schmidt,un.schmidt@gmx.net,41762207169,Switzerland
MONIQUE,BOUHANS,bouhansmonique@yahoo.fr,41762500420,Switzerland
Michai,Liechti,liechti@outlook.com,4.11E+11,Switzerland
Anastasios,Symeonidis,tasso.sym@icloud.com,41764819591,Switzerland
Paul,Krhut,ascinfo@bluewin.ch,41795459922,Switzerland
Nenad,Dzuverovic,dzuver70@icloud.com,41787147080,Switzerland
Harler,Nicole,nici75.ch@gmx.ch,41796319907,Switzerland
Josa,Arranz,jose_arranz1@me.com,41799697717,Switzerland
Sli,Fathi,tut31@gmx.ch,41788077924,Switzerland
Lushka,Uhr,lushka.uhr@therapist.net,41766816802,Switzerland
Andreas,Plüss,andreaspluess@outlook.com,41782029801,Switzerland
Nadia,Brunner,nadia.brunner@gmx.ch,41793191614,Switzerland
maria,Stella,nocco@gmx.net,41763348704,Switzerland
Imhof,Karima,karimoumen@msn.com,4.11E+11,Switzerland
Fick,Phishing,fickdichdu@fraud.com,4.11E+11,Switzerland
Irdina,Adisti,clemancia@rocketmail.com,41791582702,Switzerland
Azizi,Afrim,afrim.azizi@windowslive.com,41765763174,Switzerland
Manuela,Macklin,manuela.moecklin@outlook.com,41613132079,Switzerland
niederberger,brigitta,o.rchide@hotmail.ch,41795112052,Switzerland
huri,turi,j.thommen@gmail.com,41611234567,Switzerland
Bernhard,Huber,bernhardhuber3@outlook.com,41334376872,Switzerland
lauer,gegaj,lazer.gegaj@icloud.com,4.11E+11,Switzerland
Edris,Yosufi,edris.yusufi@gmx.ch,4.11E+11,Switzerland
