Name,Surname,Email,Phone Number,Country
Doberdolani,Elza,hehdblabla@gmail.com,41762213516,Switzerland
Leon,Holzer,holzer.leon98@gmail.com,41774149087,Switzerland
Besarta,Sheholli,besarta.sheholli1@outlook.com,41795336033,Switzerland
Patrik,Odzoska,podzoska2000@gmail.com,41762272423,Switzerland
Zoltan,Tikvicki,zolta.tikvicki@gmail.com,41765626562,Switzerland
Diana,Fernandes,d.fernandes@outlook.de,41789358833,Switzerland
Katharina,Keller,keller-katharina@bluewin.ch,41792371318,Switzerland
Edith,Bachle,ebaechle@bluewin.ch,41763414993,Switzerland
Elin,Gubler,elin.gubler@gmx.ch,41791587022,Switzerland
Pelin,Martorelli,psonkur@gmx.ch,41792923003,Switzerland
Felix,Frey,felix@fjfrey.ch,41786718952,Switzerland
Ravaka,Razafimamonjy,ravaka.r@gmx.ch,41798544606,Switzerland
MarcAndre,Fuchs,fuchs90@bluewin.ch,41796683178,Switzerland
Leandro,LeandroFrisch,leandro.frisch@hotmail.com,41762804573,Switzerland
Sofia,Sousa,sofiasousa95@hotmail.com,41786533453,Switzerland
Nadzi,Azizi,n-azizi@hotmail.com,41765897929,Switzerland
Florian,Egloff,florian.simon.egloff@me.com,41799099166,Switzerland
nielsliegmann,liegmann,niels.liegmann@gmail.com,41789266010,Switzerland
Moghim,Rashid,moghim.rashid@gmail.com,41764288117,Switzerland
Margrit,MathysFluri,mmargrit77@gmail.com,41764758031,Switzerland
Juliette,DellaCasa,julie.dellacasa@icloud.com,41799250224,Switzerland
Hanspeter,Walther,haempu69@bluewin.ch,41794469732,Switzerland
Nicole,Ruffieux,ruffieux.nicole@gmail.com,41797451475,Switzerland
Bajram,Ferati,feratibajram@hotmail.com,41765748304,Switzerland
Bianca,Scherr,bianca.scherr@gmx.ch,41795501864,Switzerland
Christofer,Felipe,rezzofelipe@gmail.com,41767395530,Switzerland
Mirolub,Zivadinovic,zivadinovicmiroljub84@gmail.com,41774573256,Switzerland
Eldin,Mujic,eldin.mujic97@hotmail.com,41792352882,Switzerland
danielrzepecki,rzepecki,danielrzepecki@icloud.com,41772228537,Switzerland
Ulrich,Krummenacher,ulrich.krummenacher@bluewin.ch,41797649383,Switzerland
Stephan,Winkler,winik007@gmail.com,41795017144,Switzerland
Raul,Manrique,manrique.raul@hotmail.com,41796068036,Switzerland
Aisha,Merz,aisha.merz@bluewin.ch,41796479757,Switzerland
Donat,Gruber,donatgruber@hotmail.com,41796275952,Switzerland
Jelaca,Mladen,jelac.betonabbautechnik@gmail.com,41765685898,Switzerland
Alessia,Edinger,edinger.alessia@gmail.com,41798344899,Switzerland
heinz,Muhmenthaler,h.muhmenthaler@gmail.com,41792633484,Switzerland
Linda,Luginbuhl,lindaluginbuhl125@gmail.com,41798327024,Switzerland
Kiara,Donascimentopinto,kiaradonascimento02@gmail.com,41798434409,Switzerland
Lia,Marcolin,lia.marcolin01@gmail.com,41789737663,Switzerland
Drilon,Jashari,jashari.drilon@hotmail.com,41792079788,Switzerland
martinzimmermann,zimmermann,info@metzgerei-zimmermann.ch,41765751964,Switzerland
Gilead,Momtazwishgai,amomtazwishgai@gmail.com,41786752919,Switzerland
Reto,Curau,rcu@me.com,41793166790,Switzerland
Richard,Denzler,denzler.richard@gmail.com,41794598727,Switzerland
Anabela,TorresAbreu,anabelameira1998@hotmail.com,41796941141,Switzerland
Sabina,Wahli,sabinewahli@outlook.de,41774327571,Switzerland
Valentina,Sefa,vaalentina-stolliqi@bluewin.ch,41798393361,Switzerland
Dani,Wyss,info@printtech.ch,41323721210,Switzerland
Thomas,Ammann,s.ammann@ammannfen.ch,41786253463,Switzerland
Rene,Horn,rene-horn@sunrise.ch,41764599036,Switzerland
Janis,Laurent,janis.laurent@hotmail.com,41793970724,Switzerland
Rony,Schurti,rony-1212@hotmail.com,41795822735,Switzerland
Kevin,Stegmuller,kevingrp@gmail.com,41786391142,Switzerland
Laura,Schadler,schadlerlaura@gmail.com,41792405156,Switzerland
Lukas,Andres,luki_99@outlook.com,41796744665,Switzerland
Amdre,Fischer,smartboxch@gmail.con,41797098309,Switzerland
Faruk,Matoshi,faruk.matoshi@elmatec.ch,41799250871,Switzerland
Frank,Bungart,frank-bungart@hotmail.de,41764505438,Switzerland
Walter,Boll,walter.boll@bolls.ch,41794277085,Switzerland
Luzia,Okoro,luziaokoro@gmail.com,41762120461,Switzerland
Hess,Lorenz,lorenzeie@hotmail.ch,41791702839,Switzerland
natascha,friesduran,nati.fries@icloud.com,41763415941,Switzerland
Erich,Hayoz,erich.hayoz@gmail.com,41798211667,Switzerland
Mehdi,Labidi,labidimehdi@icloud.com,41764436357,Switzerland
Kurt,Bachler,kbm.montagen@gmail.com,41798410400,Switzerland
Marcel,Funk,marcelfunk@gmx.ch,41794185397,Switzerland
Sarah,Ruegsegger,elanormiamor@gmail.com,41796007624,Switzerland
Kazim,Carman,info@kazimcarman.com,41791269241,Switzerland
Martin,Oswald,marwald1958@gmx.ch,41796647158,Switzerland
Maria,Biteanu,mariabiteanu2018@gmail.com,41779060712,Switzerland
Franz,Burkhalter,franzburkhalter@hotmail.ch,41774568551,Switzerland
test,test,test620547Z0@gmail.com,41772551780,Switzerland
Linus,Otti,linusotti99@gmail.com,41792826756,Switzerland
Liam,Ohayon,liamohayon@ebmnet.ch,41763414490,Switzerland
Walter,Hoppeler,whoeppeler@icloud.com,41793550180,Switzerland
Dominique,Pretat,info@pretat-mulden.ch,41796325356,Switzerland
Vitor,Filipe,vitor_fmachado@hotmail.com,41791201715,Switzerland
Jenny,Zumbach,jenny.zumbach@hotmail.ch,41786181868,Switzerland
Nicola,Prestia,n.prestia@gmx.ch,41763411427,Switzerland
Ruzica,Brnic,ruzica.brnic@hotmail.com,41768139440,Switzerland
Natnael,AlemOkbay,natualem7@gmail.com,41765876436,Switzerland
Gilgian,Oester,gilgian82@gmail.com,41794147165,Switzerland
Jiyi,Zhang,jiyi123@hotmail.de,41782021452,Switzerland
Marisol,HerreraMercedes,marisol98@gmx.net,41788882957,Switzerland
Fabio,Augustin,fandrixx7@gmail.com,41798502755,Switzerland
Nurtekin,Mustafi,nurtekin.mustafi@gmail.com,41786839614,Switzerland
Patrick,Stahlin,paduregi14@bluewin.ch,41796023190,Switzerland
Alexandra,Bolardt,boa@bolardt.ch,41447203976,Switzerland
Mirjana,Schild,mIrjana.schild@my.com,41768041188,Switzerland
Ainhoa,VarelaAlvarez,ainhoa.varela23@gmail.com,41786645373,Switzerland
Markus,Huber,budda6@bluewin.ch,41763658438,Switzerland
Jasmin,Karatas,jasmin_k83@hotmail.com,41792059939,Switzerland
Taia,Duchene,taiaduchene@yahoo.fr,41766064476,Switzerland
armin,zinsli,armin1961@gmx.ch,41789193181,Switzerland
Tamara,Hoiczyk,tamara.hoiczyk@icloud.com,4.12E+12,Switzerland
Daab,Elkhadir,marocbest84@hotmail.com,41765888542,Switzerland
Stefan,Jovanovic,stefan_jovanovic@hotmail.de,41765498810,Switzerland
Thomas,Peter,thomas1peter@gmail.com,41787218772,Switzerland
David,Vukomanovic,David.Vukomanovic@outlook.de,41787444248,Switzerland
Pascale,Siegenthaler,paschi.siegenthaler69@gmail.com,41794532665,Switzerland
Naemi,Fischer,naemi.fischer@gmx.ch,41792775641,Switzerland
Melanie,Sebastiampillai,sebastiampillaimelanie@gmail.com,41794211993,Switzerland
Catarina,Carvalho,c.rodrigues.carvalho93@gmail.com,41782666556,Switzerland
Janos,Galler,lovas973@gmail.com,41788389357,Switzerland
Ineska,Alibabic,ialiba.arch@mail.ch,41788680351,Switzerland
Lindita,Bardoniqi,b.lindita@bluewin.ch,41797727033,Switzerland
Ariane,Wenger,wenger.ariane@gmail.com,41765407559,Switzerland
aron,fivat,aron.fivat@gmail.com,41768169995,Switzerland
Simon,Rohn,simon.rohn@gmail.com,41797208503,Switzerland
Christian,vonMatt,chrisi95.cvm@gmail.com,41793772754,Switzerland
Dejan,Simeonovic,simeonovicd@hotmail.com,41764885205,Switzerland
Bruno,Martino,bruno_martino89@bluewin.ch,41792015682,Switzerland
pius,desax,pius.desax@bluewin.ch,41766866540,Switzerland
Marco,Baudenbacher,baudim@bluewin.ch,41794435577,Switzerland
stephanie,imamovic,stephanie.jaussi@gmx.ch,41794259327,Switzerland
Walter,Reusser,reusser11@gmx.ch,41794234664,Switzerland
Andrew,Lowe,andrew_s_lowe@yahoo.com,41794326835,Switzerland
Melita,Kvrgic,melitakvrgic@hotmail.com,41763367722,Switzerland
Mike,Gerber,mike.gerber@hotmail.com,41797918948,Switzerland
Gionata,Tiano,gioni.tiano@hotmail.com,41765581794,Switzerland
Dilara,Karaca,tdtwin@yahoo.com,41767785500,Switzerland
Tien,Nguyen,tiennguyen17051992@gmail.com,41774689999,Switzerland
Oliver,Ramuz,raol@bluewin.ch,41799232269,Switzerland
Weber,Rico,weberrico76@gmail.com,41796007089,Switzerland
HansPeter,Vogel,legov1946@gmail.com,41764662540,Switzerland
Samuele,Simonetto,samuele.simonetto@me.com,41798426356,Switzerland
Dirk,Vogel,mail@vogeldirk.ch,41763776084,Switzerland
Michael,Fink,mike.fink@yahoo.com,41788705815,Switzerland
Dirk,Pickelmann,papa-india@gmx.de,41797672432,Switzerland
Gezime,Sulejmani,gezime_su@hotmail.de,41768184593,Switzerland
Simone,Vock,simonevock30@gmail.com,41791389778,Switzerland
celine,hofmann,celine.hofmann01@icloud.com,41782610020,Switzerland
Thomas,Koch,thomaskoch295@gmail.com,41797028268,Switzerland
Tomas,Fric,tomasfric@mail.ch,41772772958,Switzerland
Lisa,Billaud,billaud_lisa92@hotmail.com,41792656283,Switzerland
Branka,Lippuner,branka.lippuner@gmail.com,41792859788,Switzerland
Fritz,Wyder,fritz.wyder@icloud.com,41764446150,Switzerland
Gjimi,Muslijaj,muslijajgjimi@gmail.com,41763681181,Switzerland
Flavia,Fluor,flavia.fluor@gmail.com,41765877865,Switzerland
rinaldo,toneatti,toneatti@hispeed.ch,41794344556,Switzerland
Marielle,Frank,mariellee_f@hotmail.com,41794324008,Switzerland
Jeanette,Bernzott,jeanettebernzott@gmx.ch,41794130215,Switzerland
Oswald,Stauffacher,ossi.staufffacher@mail.com,41794067155,Switzerland
Americo,Leite,omni1803@gmail.com,41786713318,Switzerland
Robert,Gisler,gisler.robert@bluewin.ch,41794355716,Switzerland
Rolf,Tieche,hotdevil@bluewin.ch,41763080888,Switzerland
Bernd,Seidenberger,bernd@seidenberger.de,41763166635,Switzerland
Christoph,Beier,christoph.beier1982@bluewin.ch,41782022079,Switzerland
Laura,Lusa,laura_aurora@outlook.de,41799405359,Switzerland
Elia,Mete,elia.mete2000@gmail.com,41763022126,Switzerland
Damir,Vargek,04-chilled-barley@icloud.com,4.16E+11,Switzerland
Kastriot,Azemi,kastriot.azemi@hotmail.ch,41799564290,Switzerland
Manfred,Goetschi,manfredgt@gmail.com,41792697284,Switzerland
Claude,Duenner,clduenner@gmail.com,41774254994,Switzerland
Bernd,Neumann,bemineu@aol.comb,4.12E+11,Switzerland
Justin,Ciresa,jus.ciresa@gmail.com,41795523814,Switzerland
Mike,Frei,mike.frei@gmail.com,41798575182,Switzerland
Cristian,Ambi,cristian.1994@hotmail.ch,41782619619,Switzerland
Ruedy,Gerber,ydeur2000@yahoo.de,41763803649,Switzerland
Aylin,Mavmuti,aylinmavmuti@gmail.com,41788737535,Switzerland
Zeweldi,Tesfaldet,zeteke39@gmail.com,41782262105,Switzerland
Yasmin,Guc,y.guec98@gmail.com,41799458684,Switzerland
stofer,Pascal,stofer.pascal@gmail.com,41797813647,Switzerland
jozef,sajn,joesajn@gmx.ch,41784212703,Switzerland
arjanit,mehmetaj,arjanitmehmetaj4@gmail.com,41765691813,Switzerland
Raphael,Ackermann,raphael21501@gmail.com,41798676675,Switzerland
Bosko,Sekulic,sekulino@yahoo.de,41799405915,Switzerland
Chantal,Grutter,chagruetter@hotmail.com,41318127466,Switzerland
Anatolii,Bardalimov,abardalimov1pro@gmail.com,41765268557,Switzerland
Marian,Kuru,mario.k84.mk@gmail.com,41779201361,Switzerland
Rexha,Rexhepi,rexha_ch@hotmail.com,41788838451,Switzerland
UrsPeter,Salzmann,salz@bluewin.ch,41794213172,Switzerland
Luca,Walter,lucawalter95@hotmail.com,41797186704,Switzerland
Nour,Khlaifi,nour.khlaifi@gmail.com,41763828231,Switzerland
Leandro,Jacquemai,lnj2000@bluewin.ch,41795259355,Switzerland
Konrad,Eggen,konradeggen@mail.cpm,41792101913,Switzerland
Hilke,Gerber,hilke.gerber@gmsil.com,41795685730,Switzerland
Francois,Lopez,francois.lopez@hotmail.com,41797080261,Switzerland
Thomas,Weilenmann,thomas.weilenmann@bluewin.ch,41793421133,Switzerland
Gian,Guiglia,gian.guiglia11@gmail.com,41763697260,Switzerland
Zeljko,Jagodic,zeljko.jagodic@hotmail.ch,41789518095,Switzerland
Daniele,Urso,danieleurso2540@gmail.con,41766712540,Switzerland
Bulent,Cimen,cimen_bulent@hotmail.com,41793495814,Switzerland
Anton,KOLLER,kollervelo@bluewin.ch,41313710225,Switzerland
Kezban,Yilmaz,yilmaz.kezban35@gmail.com,41794572882,Switzerland
Tim,Wullschleger,Tim.wulls@gmail.com,41799181292,Switzerland
Sylvia,KammelNikolova,sylvia-kammel@gmx.ch,41786669958,Switzerland
Engin,Suzen,enginsuezen42@gmail.com,41774281521,Switzerland
David,Hafliger,david.green@gmx.ch,41788801820,Switzerland
Jaro,Kukucka,Jaroslavkukucka1@gmail.com,41766908333,Switzerland
WaithakaEhrat,VictoriaNjeri,vicky.toto@hotmail.com,41787267172,Switzerland
PAOLO,FRIEDLI,paolofriedli@bluewin.ch,41793524830,Switzerland
Taner,Gurses,taner.guerses@gmail.com,41788722205,Switzerland
huda,alnaeml,al-naemi-wisam@gmx.ch,41798693775,Switzerland
Nadine,Wolfen,nadine.wolfen@gmail.com,41782242209,Switzerland
HerlufBenny,Gruber,delta3001@gmail.com,41762408982,Switzerland
Gajic,Dragan,gajicd88@gmail.com,41798000003,Switzerland
Vivien,Lotscher,miqumessi68@gmail.com,41774923668,Switzerland
Thailla,DoNascimento,thailla.menina88@gmail.com,41763660463,Switzerland
FlorIdalia,Espinosaviola,idaliala_22@hotmail.com,41787403658,Switzerland
Patrick,Wiedmann,pwiedmann9@gmail.com,41789421575,Switzerland
Heinrich,Richard,heinrichr977@gmail.com,41766236911,Switzerland
Roland,Arnold,arnoldroland@gmx.ch,41798158012,Switzerland
Mile,Kizic,kizic@bluewin.ch,41768187618,Switzerland
josefjonas,Jonas,josef.v.jonas@protonmail.ch,41782542777,Switzerland
Robin,Schaub,robin.schaub99@gmail.com,41797700994,Switzerland
Mike,Gnani,mike_gnani@hotmail.com,41796064269,Switzerland
Marcel,Decimo,marceldecimo@gmail.com,41766119052,Switzerland
Rolf,Frei,freihardau@bluewin.ch,41792201360,Switzerland
Beat,Heller,hellerbeat@gmail.com,41794328457,Switzerland
Eduard,Grimm,eduardgrimm@hotmail.ch,41764249109,Switzerland
Ahsen,Duzgun,ahsenduzgun@gmail.com,41793464638,Switzerland
Ioan,Mihai,salagean10.sa@gmail.com,41762151803,Switzerland
Corina,Richter,corina.richter@bluewin.ch,41786557181,Switzerland
Marcel,Zenhausern,Prowin.zenhaeusern@gmail.com,41792030522,Switzerland
Hansruedi,Eugster,eugster_hr@outlook.com,41793168525,Switzerland
Claudia,Berther,Claudiaberther1961@gmail.com,41764020504,Switzerland
Nelson,MoraisPintoLapa,moraisnelson@live.fr,41767625723,Switzerland
Edgar,Fechtig,edgar.fechtig@gmail.com,4.12E+11,Switzerland
Lucq,Matter,lucamatter@hotmail.com,41799115030,Switzerland
Walter,Rodriguez,walter1cu80@gmail.com,41787953988,Switzerland
Ivo,Jurkic,ivo.jurkic1963@hotmail.de,41787092377,Switzerland
Andre,Schuermann,schuermann@logeluzern.ch,41796069544,Switzerland
Yanick,deBue,debue.yanick@gmail.com,41767582398,Switzerland
Jaser,Vrapo,jaser.vrapo@icloud.com,41784226174,Switzerland
Daniel,Hoch,hochdaniel25@gmail.com,41794374632,Switzerland
Amira,Bouallegue,amiramireille@gmail.com,41786632646,Switzerland
Kristina,Mirvoda,Kristinamirvoda.ch@gmail.com,41766424780,Switzerland
Gjon,Mulaj,gjonmulaj@gmail.com,41765818668,Switzerland
Habib,Ahmed,habib.ahmed012@gmail.com,41779277842,Switzerland
Kenneth,Wolf,wolken@gmx.ch,41794076777,Switzerland
Susan,Tuttle,susan.tuttle@gmail.com,41787568711,Switzerland
Dominik,Kammermann,dominik.kammermann@hotmail.ch,41797602825,Switzerland
Reto,Muller,reto.mueller02@outlook.com,41799063185,Switzerland
Fabiano,MatosCorreia,correiafabiano@gmx.ch,41765614616,Switzerland
Ulrich,Meister,ulrichmeister4@gmail.com,41793035839,Switzerland
Anton,benedict,abison.ant.benedict@gmail.com,41796694388,Switzerland
Filmon,Kidane,kidane.filmon@yahoo.de,41763308101,Switzerland
Ornella,Meyer,o.citaku@gmx.ch,41764501155,Switzerland
Simona,Wymann,simonawymann@gmail.com,41797300419,Switzerland
Ines,Hermann,in.hermann@hotmail.com,41797742303,Switzerland
Gunther,Haffer,g.l.haffer@outlook.com,41799603180,Switzerland
Linus,Senn,linus.senn123@gmail.com,41768174007,Switzerland
Beat,Germann,nnamrgtaeb@gmail.com,41792712425,Switzerland
Sabine,Kuch,sabine.kuch@gmx.ch,41798825761,Switzerland
Joshua,PepplerGunther,joshua.pep@gmx.de,4.12E+12,Switzerland
Tulay,Karaca,tuelay70@outlook.com,41765753774,Switzerland
Jacqueline,DiFiore,lisette.frida@gmail.com,41796835694,Switzerland
Logann,Vumbula,logann1999@outlook.com,41764685025,Switzerland
Beatrice,Hofer,bea.hofer1@gmail.com,41787461199,Switzerland
Uwe,Plaul,uwe-plaul@t-online.de,41762119702,Switzerland
Veli,Bunul,veli.buenuel@icloud.com,41764333069,Switzerland
test,test,test63912xEP@gmail.com,4.11E+11,Switzerland
test,test,test75704bhV@gmail.com,4.11E+11,Switzerland
Raimonda,Steikunaite,Steikunaite@gmail.com,41763379876,Switzerland
Sandra,Portmann,sandraportmann68@gmail.com,41793645289,Switzerland
Richard,Sevinc,richard.sevinc@gmail.com,41787459898,Switzerland
Ankica,Milivojevic,anamiliv@hotmail.com,41765373476,Switzerland
Zion,Leu,zion89leu1@gmx.ch,41765010990,Switzerland
Sepp,Signer,sepp.signer@gaiserwald.net,41794594621,Switzerland
Marion,Westermayer,marion.westermayer@gmx.ch,41795820005,Switzerland
Ursula,Marti,ursula_marti@gmx.net,41793714104,Switzerland
Harald,Fessler,harald.fessler@imsag.ch,41796315021,Switzerland
Hermann,Kuhn,hermannkuehn@gmx.ch,41788881719,Switzerland
Marlene,Halsinger,marlene.halsinger@gmail.com,41764255868,Switzerland
Mario,Derungs,Mario1derungs1@gmail.com,41796296690,Switzerland
Fuchs,Peter,uvcfuchs@live.com,41794177470,Switzerland
Merhawi,Mehari,meramehari27@gmail.com,41786317096,Switzerland
Immaculata,FluriDomeisen,atalucammi52@gmail.com,41774106878,Switzerland
Osama,Mahmood,osama.mahmood95@gmail.com,41763981070,Switzerland
Fabio,Frei,fabio.frei99@gmail.com,41789461990,Switzerland
Steger,Melanie,steger-melanie@hotmail.com,41764325396,Switzerland
Sinisa,Grujinovic,grujinovicsini@gmail.com,41768349155,Switzerland
Aleksander,Rummel,aleksrummel@gmail.com,41792410314,Switzerland
Hansjorg,Siegle,keinekeine@salt.ch,41786774704,Switzerland
TESTdelaTEST3,delaTEST3,test.de.la.test333@msn.com,41123456333,Switzerland
TESTdelaTEST2,delaTEST2,test.de.la.test222@msn.com,41123456222,Switzerland
TESTdelaTEST1,delaTEST1,test.de.la.test111@msn.com,41123456111,Switzerland
Karin,Rutsch,karin@eutsch.be,41794570575,Switzerland
Yvonne,Keller,yvonne.ekeller97@gmail.com,41795544383,Switzerland
Steven,Gidius,stevengidius@yahoo.de,41787310616,Switzerland
Jasmin,Biesecke,j.biesecke@icloud.com,4.12E+11,Switzerland
Kevin,Lingg,paeblo_23@gmx.ch,41788284499,Switzerland
Aso,Jaf,jafaso2002@yahoo.de,41792532718,Switzerland
Melanie,Eicher,abarth1753@gmail.com,41799473058,Switzerland
Fabio,Ramundo,fabio.ramundo@hotmail.com,41762682608,Switzerland
Peter,Lind,alphahotel@bluewin.ch,41767300107,Switzerland
Marlis,Stegemann,marlis8490@hotmail.com,41791520897,Switzerland
Christian,Hofmann,christianhofmann75@gmail.com,41774455394,Switzerland
Peter,Kunz,peter@kunz.fm,41774580601,Switzerland
Dervish,Kameri,d.kameri@gmx.ch,41796939391,Switzerland
Sven,Reinhold,sve73rei@gmx.de,41774827693,Switzerland
Janett,Muchow,muchowsbest@gmail.com,41799062754,Switzerland
Brigitte,Burgi,brigitte_buergi@hotmail.com,41799323092,Switzerland
Karolina,Latochova,ka.latuska@seznam.cz,41787096444,Switzerland
Sara,DAnna,sara.danna1999@hotmail.com,41798971722,Switzerland
Harry,Klantschi,harryklaentschi@gmail.com,41791961951,Switzerland
Lampert,Rolf,rolf.l@sunrise.ch,41796301414,Switzerland
Shahmohammad,Mohammadi,shah.mahmoody@gmail.com,41779019911,Switzerland
Mirjam,Abendschein,mirjam.abendschein@icloud.com,41795212296,Switzerland
David,Kovac,dkdavidkovac@gmail.com,41762864864,Switzerland
Anita,DjigaouRoost,anita.djigaou@gmail.com,41765101968,Switzerland
Marco,Nietlispach,marco.nietlispach@gmx.ch,41796492295,Switzerland
Alvin,Mbuvi,alvin.mbuvi@hotmail.de,41782259106,Switzerland
Adolf,Hitler,k1@hotmail.ch,41763421289,Switzerland
Folino,Adriano,folinoadriano@gmail.com,41764046205,Switzerland
Biruk,Ashebir,ashebarir1@gmail.com,41765390496,Switzerland
Levy,Kyburz,levy.caramel@gmail.com,41788243960,Switzerland
Mathias,vonAtzigen,mathias.vonatzigen@gmail.com,41774117854,Switzerland
Eugen,Bugler,gbuegler@hispeed.ch,41796636151,Switzerland
Cornelia,Birrer,birrer.conny@gmail.com,41799129619,Switzerland
Sandro,Naef,sandro.naef165@gmail.com,41765446249,Switzerland
Bruno,Boss,bossbruno31@gmail.com,41788422283,Switzerland
Deine,Mudda,fick.dich.du.hurensohn@leckmich.arsch,41800177177,Switzerland
Juerg,Pfyffer,juergpfyffer1947@gmail.com,41797118273,Switzerland
Roman,Tej,tejroman20@gmail.com,41779076372,Switzerland
Andreia,Metzger,daniela.metzger@icloud.com,41764482023,Switzerland
Daniel,Wey,d.wey81@gmail.com,41782004648,Switzerland
Hans,Kammerhuber,kammerhuber@gmx.ch,41796593980,Switzerland
Fankhauser,Marco,marco_98@windowslive.com,41792754711,Switzerland
Shane,Smoked,mzz89901@nezid.com,41798079416,Switzerland
Jessica,Connah,jessi1999@gmx.ch,41798912149,Switzerland
Kovani,Sali,sali.kovani@gmail.com,41779292742,Switzerland
Babab,Babsbbs,nananabab@gmail.com,41775438822,Switzerland
Mirsad,Sprecak,zan.datsu@me.com,41754128904,Switzerland
Blerim,Guri,bleroguri@gmail.com,41787306925,Switzerland
Bruno,Birchmeier,bruno.birchmeier@bluewin.ch,41797361961,Switzerland
Samuel,Schurmann,samuelschurmann26@gmail.com,41798996326,Switzerland
Thomas,Hertig,hertig.th@gmail.com,41795185343,Switzerland
Kurt,Barth,maler.barth@bluewin.ch,41792162341,Switzerland
Edmond,Basha,edmond.basha98@hotmail.com,41763865231,Switzerland
Rico,Brandle,rico.braendle02@gmail.com,41774231910,Switzerland
Besim,Emurllahi,dheuibardh_08@hotmail.com,41764771170,Switzerland
Basri,Hasani,basrihasani4057@gmail.com,41762449270,Switzerland
Melanie,Luthi,melibanz18@gmail.com,41795890950,Switzerland
Melchior,Amrein,melchior.amrein@gmail.com,41754282914,Switzerland
John,Gohring,affengeilerkauf@gmail.com,41762481601,Switzerland
SergiuGabriel,Bob,gabrielbob2596@gmail.com,41779213343,Switzerland
Avdyli,Perparim,training198612@hotmail.com,41765389858,Switzerland
Timo,Rieber,riebertimo@gmail.com,41795227522,Switzerland
Ramona,Schaurhofer,ramona.schaurhofer@hotmail.com,41799235478,Switzerland
Corinne,Schwab,corinne.schwab@gmx.ch,41787584809,Switzerland
Johannes,Taeschler,johannes@taeschler.org,41791351738,Switzerland
Nathalie,Ernst,rebecca2000@sunrise.ch,41762840680,Switzerland
Alexander,Marty,alexander200225@gmail.com,41796684497,Switzerland
Julia,Futo,anna.mirabelle5@gmail.com,41787284573,Switzerland
Necita,Boehringer,nboehringer1205@gmail.com,41787352774,Switzerland
Meick,Schumacher,meickschumacher6@gmail.com,41764942329,Switzerland
Gjuljeta,Vokshi,juillette_vokshi@hotmail.com,41788798161,Switzerland
Samanta,Gerber,saemi7717@gmail.com,41794614333,Switzerland
Varga,Csaba,vcsabi711@gmail.com,41789779888,Switzerland
Noemi,Karadzin,noemi.karadzin@gmail.com,41786963223,Switzerland
Ida,Heimgartner,ida.heimgartner@gmx.ch,41796551408,Switzerland
Pascal,Canclini,pascal.canclini@gmail.com,41793577412,Switzerland
Bucher,Dominic,service@wirmalen.ch,41798301634,Switzerland
Elisabeth,Gerber,lisi.i@gmx.net,41794723580,Switzerland
Andrea,Cavadini,sushi1963.ac@gmail.com,41794650677,Switzerland
Matthias,Buser,matthiasalbertbusdr@gmail.com,41765120032,Switzerland
Melani,MateoReyes,melani.reyes@hotmail.com,41774930945,Switzerland
Werner,Gruner,wernergruener68@gmail.com,41797341013,Switzerland
Eva,Kormany,gardieva72@gmail.com,41793316248,Switzerland
David,Greco,grecodavid147@gmail.com,41799184937,Switzerland
Zeki,Mut,amms@bluewin.ch,41794556304,Switzerland
Rufael,Habte,habterufael9@gmail.com,41766515111,Switzerland
Manuel,DePauli,manuele.de.pauli@gmx.net,41765711803,Switzerland
Tomislav,Nevistic,nevistic81@gmail.com,41786330931,Switzerland
Elmedin,Ajdari,elmedin.ajdari95@icloud.com,41798654515,Switzerland
Miliate,Ajdari,miliate.iseini@hotmaim.com,41798485715,Switzerland
rachel,ledermann,r.ledermann90@gmx.ch,41791322819,Switzerland
Monika,Peter,moma_2000@bluewin.ch,41796589072,Switzerland
Kelechi,Akoma,kelechiakoma16@gmail.com,41788563157,Switzerland
Dominique,Intlekofer,intle.beast@gmail.com,41793031317,Switzerland
FernandezMutas,Sabit,mutasfernandez12@gmail.com,41766523283,Switzerland
Brunner,Alex,brunnera@sunrise.ch,41794139878,Switzerland
Hansjuerg,Lanz,aromj.lanz@outlook.com,41762800909,Switzerland
Vijekumar,Nadesu,v.nadesu@gmail.com,41763397876,Switzerland
Nazim,Fejzaj,n.fejzaj@icloud.com,41786522475,Switzerland
Aeschbach,Alfred,freddy.aeschbach@gmail.com,41764014531,Switzerland
Beatrice,Bellwald,bellbea@gmx.ch,41789191460,Switzerland
Jan,Lustenberger,janlustenberger8@gmail.com,41774897658,Switzerland
Tjara,Signer,signertjara@gmail.com,41791733262,Switzerland
Boris,Bojovic,borisbojovic@gmail.com,41764437029,Switzerland
Ranjit,SinghMasuta,rsmeco@gmail.com,41789081315,Switzerland
Monika,Donch,monika.doench@yahoo.de,41779703854,Switzerland
Besfort,Kastrati,besfort.ks@icloud.com,41763378030,Switzerland
Leila,Ibrahim,leila.ibrahim@hotmail.com,41787046313,Switzerland
Loris,Mainardis,loris.mainardis@gmx.ch,41763850572,Switzerland
Sami,Rama,r.sami7@hotmail.com,41798433009,Switzerland
Ilker,Kaplan,ilkerkaplan@gmx.ch,41788466295,Switzerland
Lazar,Banovic,lazar.banovic@gmx.ch,41787291828,Switzerland
Roger,Rebmann,roger.rebmann@sada.ch,41798510474,Switzerland
Resat,Ferati,ferati76@gmx.ch,41793362008,Switzerland
Julia,Rebmann,julia_r_1@icloud.com,41763363481,Switzerland
Rene,Hofer,r.hofer40@bluewin.ch,41793344381,Switzerland
Reshat,Ismaili,reshatismaili81@icloud.com,41782215588,Switzerland
Naser,Sylejmani,nasersylejmani@live.com,41789076113,Switzerland
Thomas,Stirnemann,thomasstirnemann@bluline.ch,41796786558,Switzerland
Zemp,Peter,peter.zemp2@bluewin.ch,41792188882,Switzerland
thanhsang,bolt,ts.bolt1992@gmail.com,41762659316,Switzerland
Jan,Hafliger,jan-haefliger@bluewin.ch,41796347483,Switzerland
Angela,Kral,akral@rockrose74.ch,41796403008,Switzerland
Sebastian,Baron,baronsebastian10@gmail.com,41767244588,Switzerland
Viktoria,Maksuti,viktoriamaksuti@gmail.com,41782153306,Switzerland
Raphael,Loeliger,loeliger.raphael@gmail.com,41796993773,Switzerland
Rolf,Wyssen,wyssenrolf@gmail.com,41797648669,Switzerland
Tontini,Jivanni,jovani@hotmail.com,41816333738,Switzerland
andri,weber,andriwebster03@gmx.ch,41789514025,Switzerland
Tim,Reber,timreber01@gmail.com,41798526904,Switzerland
melanie,arnold,melanie.arnold@gmx.ch,41788401789,Switzerland
werner,keiser,info@casakeiser.ch,41792852616,Switzerland
Marcel,Brugger,bruggermarcel022@gmail.com,41625306635,Switzerland
Werner,Ehrat,werni.ehrat@gmail.com,41796435679,Switzerland
Fabianschlafli,Fabianschlafli,fabian.schlaefli1@gmail.com,41786474080,Switzerland
Fabian,Durr,fabianduerr67@gmail.com,41792512067,Switzerland
Patrick,Stock,pstock1978@gmail.com,41797448310,Switzerland
Antonia,Keiser,antoniakeiser@hotmail.com,41793855019,Switzerland
HANSPETER,FEDIER,hp.fedier@bluewin.ch,41794653081,Switzerland
refik,useini,gostivar50@hotmail.com,41794746031,Switzerland
Madeleine,Murenzi,omurenzi@bluewin.ch,41794892663,Switzerland
Tondini,Tschofanni,tondinit@gmx.com,41816333728,Switzerland
john,travolta,gvadaszg@gmail.com,41759988988,Switzerland
Philipp,Wildi,philippwildi@gmx.ch,41774641028,Switzerland
Karin,Vogt,vogt.karin@bluewin.ch,41794841756,Switzerland
Heidi,Stirnemann,heidi.stirnemann@bluewin.ch,41794624179,Switzerland
Barbara,Nadig,Barbara@gmx.com,41796935183,Switzerland
Daniel,Jauslin,daniel@jauslin.net,41768029000,Switzerland
Manuela,Berger,schterndli@hotmail.com,41765365862,Switzerland
Elisabeth,Brupbacher,els.brupbacher@bluewin.ch,41786611876,Switzerland
Giorgio,Vivaci,giorgiomarialuisa207@gmail.com,41765673690,Switzerland
Monika,Schmidt,schmiedie683@gmail.com,41765832803,Switzerland
Janos,Deak,j_deak@hotmail.com,41796932278,Switzerland
Ludwig,Zeller,ludwig.zeller@datazug.ch,41797249232,Switzerland
Claudia,Rossian,rossianclaudia77@gmail.com,41764810780,Switzerland
Rene,Schaffer,rene.schaffer@bluewin.ch,41775033643,Switzerland
AlbertoAntonio,OvalleFresa,alfresa1@hotmail.com,41765613212,Switzerland
Michele,Hoerdt,michelehoerdt02@gmail.com,41793030147,Switzerland
Olup,Dejan,dejanolup2@gmail.com,41795377460,Switzerland
Simeon,Gerber,simeon_gerber@hotmail.ch,41764159185,Switzerland
viviane,porret,vivi.porret@gmail.com,41768179920,Switzerland
Simon,Rohn,simon.rohn@gmail.com,41782586534,Switzerland
Urs,Huser,info@allwoerker.ch,41788414419,Switzerland
Peter,Saxer,peter.saxer@hispeed.ch,41793648020,Switzerland
Selina,Roth,selinaroth05@gmx.ch,41764300598,Switzerland
Janine,Bielser,janine.bielser@gmail.com,41796132405,Switzerland
Ema,Veladzic,ema.veladzic@hotmail.com,41788299930,Switzerland
Peter,Franke,pitf@gmx.li,41763868171,Switzerland
Fabian,Niggli,fabian.niggli@me.com,41792975467,Switzerland
Jasmin,Wiget,anastasia99@bluemail.ch,41790000000,Switzerland
HugoAndre,Novais,hugonovais76@gmail.com,41798174408,Switzerland
Patricia,Morger,patriciamorger@bluewin.ch,41794560366,Switzerland
Patrice,Glanzmann,patriceglanzmann@gmail.com,41784000813,Switzerland
Ana,Joao,margaridaroquejoao@gmail.com,41787210951,Switzerland
Dora,Leibrecht,doro-neu@web.de,41789016060,Switzerland
Urban,Gambon,urbangambon@gmail.com,41792177171,Switzerland
Mario,Altavilla,altavillamario@gmail.com,41761234567,Switzerland
Marika,Chieffo,marekak@yahoo.com,41765705540,Switzerland
Thomas,Bernegger,tberni77@icloud.com,41788332513,Switzerland
Attila,Mayer,profiinstal.maier@gmail.com,41793647233,Switzerland
Hehli,Doris,dodo.hehli@gmx.ch,41763388455,Switzerland
Sarah,Loosli,looslisarah99@gmail.com,41794766921,Switzerland
Oliver,Oehlert,Oliver.oehlert@gmail.com,41784224716,Switzerland
Lorenz,Bartschi,info@chevredeberne.ch,41763437334,Switzerland
Sarina,Buhler,sarinabuehler03@gmail.com,41793879145,Switzerland
Maurow,Darrico,mauro.darrico@gmx.ch,41767567869,Switzerland
Joachim,Gessler,joachimgessler1981@gmail.com,41786427758,Switzerland
Milva,Perez,perezmilva87@gmail.com,41766485568,Switzerland
Muhterem,Aksay,muhterem.aksay@etric.ch,41797302474,Switzerland
Daniel,Schild,daniel.schild98@gmail.com,41793179240,Switzerland
Eva,Nater,evanater@gmail.com,41788757778,Switzerland
Daniela,Kuhn,daniela_kuhn8@bluewin.ch,41796001100,Switzerland
Marcel,Huber,hubermarcel@gmx.ch,41788170514,Switzerland
Hatigje,Boshtraj,boshady65@gmail.com,41767071973,Switzerland
Alois,Weibel,alois.weibel@bluewin.ch,41794174478,Switzerland
Sebastian,Thiele,eizsnake@web.de,41793850677,Switzerland
Svenja,Locher,svenja-locher@hotmail.com,41765939918,Switzerland
Michael,Schlup,m.schlup@hotmail.com,41796752637,Switzerland
Adrijana,Farinha,adrijana_perkovic@hotmail.com,41799625402,Switzerland
Stephanie,Wegmann,s.wegmann@bluewin.ch,41765467787,Switzerland
Pedro,Cunha,pedrolabaredas055@gmail.com,41784015183,Switzerland
Markus,Groeder,markus.grieder70@gmail.com,41796791579,Switzerland
Selam,Selam,selamsemere11@gmail.com,41782134708,Switzerland
fuentes,michel,fuentes55michel@gmail.com,41765355779,Switzerland
Heinz,Jauch,heinz.jauch@bluewin.ch,41796476153,Switzerland
Frank,Mayr,frankmayr@bluewin.ch,41335354821,Switzerland
Jacqueline,Bucher,jacki15@mein.gmx,41798385657,Switzerland
Jonas,Derungs,jonas76_78@hotmail.com,41765951695,Switzerland
Christian,Berger,christian.berger@berch.ch,41794465555,Switzerland
Thomas,Cuccuru,cuccuru.th@gmail.com,41789558700,Switzerland
Bettina,Barandun,bettinabarandun@gmail.com,41797190026,Switzerland
Alfred,Widera,fred62bmw@gmx.ch,41786318327,Switzerland
Rasim,Grvalla,r.gervalla@gmx.ch,41763322009,Switzerland
Tom,Landolt,tom.landolt@gmx.ch,41764328385,Switzerland
Peter,Herrern,herren.gourmet@gmail.com,41792060441,Switzerland
Radjabi,Djavad,Djavad.r@gmail.com,41765132796,Switzerland
Mirjam,Ruegg,mirjamrueegg@bluewin.ch,41794685534,Switzerland
Sandra,Buchser,sa.buchser@gmx.ch,41786126881,Switzerland
Heidi,Pavesio,h.pavesio2408@bluewin.ch,41764038042,Switzerland
Svjetlana,Kayser,spaponja@hotmail.com,41788790771,Switzerland
Jelena,Jovanovic,jelena-jovanovic@gmx.ch,41763288304,Switzerland
Marcel,Schoni,marcel_schoeni@bluewin.ch,41795140582,Switzerland
Bernhard,Rohner,696ripper@gmail.ccom,41799202477,Switzerland
Sokolj,Kadriu,k.sokol@gmx.ch,41763956970,Switzerland
JanFranco,Bachi,jfbaechi@hotmail.com,41792111507,Switzerland
Cristina,Nicolescu,emiliagligor@yahoo.com,41793088230,Switzerland
Timo,Henseler,timo.henseler2@gmail.com,41799508805,Switzerland
Marco,Gachter,gaechter76@bluewin.ch,41793358968,Switzerland
Anina,Schellenberg,anina.s@my.com,41796810311,Switzerland
Sonja,Trachsel,soleil.luna@sunrise.ch,41764417108,Switzerland
Vit,Hlavaty,vit.hlavaty2@gmail.com,41765207469,Switzerland
Werner,Christen,wernerchristen53@gmail.com,41793029274,Switzerland
Gloor,DouglasLarry,larry.gloor@gmail.com,41762815445,Switzerland
Stefan,Koller,slk-w40@bluewin.ch,41794376789,Switzerland
Elvira,Bolter,elvirabolter@bluewin.ch,41798234624,Switzerland
Raphael,Vogel,info@5sternemaler.ch,41763585555,Switzerland
alissa,schaad,alischaad1@gmail.com,41786918075,Switzerland
Lombardo,Giuseppe,lombardo.giuseppe@gmx.ch,41789022591,Switzerland
Erhard,Hofer,erhardhofer8@gmail.com,41618215575,Switzerland
Antonio,Domingos,antonio.tdomingos@gmail.com,41775332444,Switzerland
Yoshiko,Rueegsegger,yo.ruegsegger@bluewun.ch,41792901361,Switzerland
Kevin,Zbinden,kevin-zbinden@hotmail.com,41762103500,Switzerland
Betime,Vejseli,betime.vejseli@gmail.com,41766067999,Switzerland
bruno,junger,brunojuenger@gmx.ch,41795540017,Switzerland
Stefan,Krahenbuhl,stefan.kraehenbuehl12@gmail.com,41774384266,Switzerland
Cornelia,Kaslin,conny.sheila@gmail.com,41794642328,Switzerland
Simona,Stefanelli,s.stefanelli@gmx.ch,41764180919,Switzerland
Regula,Okoli,regulaokoli@gmail.com,41774362530,Switzerland
Safet,Zyba,safetzyba@gmail.com,41764356699,Switzerland
Dod,Merturi,dod.merturi@gmail.com,41763934148,Switzerland
Miriam,Schmid,schmid24@hispeed.ch,41765629852,Switzerland
Anne,Roulier,a.roulier@hotmail.com,41774494333,Switzerland
Natalie,Schatz,schatznatalienate@icloud.com,41794384997,Switzerland
Barbara,Holenweg,bholenweg@hotmail.com,41796865601,Switzerland
Shana,Meier,shana.meier@hispeed.ch,41798938442,Switzerland
Wolfgang,Bresch,wolfgangbresch89@gmail.com,41796442500,Switzerland
Piero,Schafer,schaefer@pieroschaefer.ch,41794054905,Switzerland
Bujkic,Jovan,jbujkic@gmail.com,41798659347,Switzerland
Miriam,Diaz,mirifix@hotmail.com,41796397015,Switzerland
Raphael,Baumann,raphaelbaumann98@gmail.com,41796999046,Switzerland
Roger,kauf,roger.kauf@bluewin.ch,41793269642,Switzerland
Urs,Domeisen,domeisen.urs@gmail.com,41787093733,Switzerland
Nathalie,Ledergerber,Nathalie.l@gmx.ch,41788012302,Switzerland
Doris,Reist,doris.reist.dr@gmail.com,41794484613,Switzerland
Stephan,Guggisberg,st-guggisberg@bluewin.ch,41793100228,Switzerland
Rolf,Forrer,rolf.forrer@forrer-haushaltgeraete.ch,41787184522,Switzerland
Julia,Fischer,juliaf@gmx.ch,41797694590,Switzerland
Amira,Dawoud,dawoud-lienienbus@hotmail.com,41796650373,Switzerland
Valentina,Cecere,valentina.cecere@bluewin.ch,41796551025,Switzerland
Anton,Berger,anton.berger@bluewin.ch,41796221666,Switzerland
Arsim,Hoti,arsim_hoti@icloud.com,41795766441,Switzerland
Yannis,Kohli,yannis98.koehli@gmail.com,41763863192,Switzerland
Arsim,Azizi,armagroup-so@hotmail.ch,41799502240,Switzerland
Anastasija,Angelovic,anastasiija.1998@hotmail.com,41787474884,Switzerland
Andrea,Kocher,andrea.kocher74@gmx.net,41792732441,Switzerland
Oliver,Barmettler,olibarmettler@gmx.ch,41798820408,Switzerland
ajdarpasic,nejla,nejlusch.ajdar@icloud.com,41782583521,Switzerland
Angela,Dolci,angela.dolci@gmail.com,41795387032,Switzerland
Stephan,Unternahrer,st.unti@sunrise.ch,41792807184,Switzerland
Carmen,Schmidt,carmen_schmidt91@yahoo.de,4.12E+12,Switzerland
Meier,Werner,wrm67@gmx.ch,41762084678,Switzerland
Alina,Bachmann,alinabachmann01@gmail.com,41787995029,Switzerland
Carlos,Senn,carlos.senn@outlook.com,41765677762,Switzerland
Manuela,Reist,manuela_mara@hotmail.com,41795900298,Switzerland
Lukas,Bosshart,dopeman8620@gmail.com,41796663415,Switzerland
Christoph,Schmid,chr._schmid@bluewin.ch,41794109307,Switzerland
Tatiana,Felber,tatiana.luna8369@gmail.com,41766808529,Switzerland
Brigitte,Brigitte,brigitte.sellner13@icloud.com,41762611439,Switzerland
Test,test,wuyecvweg@test-mail.com,41584619112,Switzerland
Test,test,jwrevjherbvh@test-mail.com,41584619111,Switzerland
Mario,Lerch,mariolerch66@gmail.com,41767916705,Switzerland
justin,weingartner,weingartner_justin@yahoo.com,41799400276,Switzerland
Madeleine,Joss,madeleine.m.joss@gmail.com,41796655008,Switzerland
julian,Bettini,julianbettini@outlook.com,41794544067,Switzerland
Rolf,Haag,rhaag_98@yahoo.com,41799486340,Switzerland
Hung,Nguyen,yinyangvandan@gmail.com,41764993261,Switzerland
Harry,Kulling,hkuelling@gmail.com,41792739291,Switzerland
Heinz,Hunziker,hhunzi@hispeed.ch,41782517778,Switzerland
Claude,Fux,fux.tank@bluewin.ch,41794446863,Switzerland
Helene,Frey,helene.frey@gmx.ch,41797944856,Switzerland
Uschi,Jau,uschijau@icloud.com,41794556142,Switzerland
Cornel,Bruhwiler,c.bruehwiler@gmx.ch,41797734837,Switzerland
Thomas,Steudler,tsteudler@hotmail.de,41797952716,Switzerland
Sky,Girl,nxi9xgzl4dog@opayq.com,41769999999,Switzerland
Laura,Royer,alicia_caron84@goodpostman.com,41482070732,Switzerland
Sophie,Schnell,sophie.schnell@hotmail.com,41799405114,Switzerland
Tanja,Kacarevic,miladinovict@gmail.com,41766800924,Switzerland
Denis,Kastelan,8000000club@gmail.com,41798473736,Switzerland
Ray,Dagger,raymond.dagger@bigpond.com,41411704990,Switzerland
Alina,Schwabe,alina.schwaebe@hotmail.com,41768012252,Switzerland
Florian,schwab,flohsa88@gmail.com,41767557970,Switzerland
Marco,Dotzler,marco.dotzler@googlemail.com,41765280121,Switzerland
Peter,Rothlisberger,roethu@gmail.com,41795110281,Switzerland
Nancy,Facklam,nancyfacklam@gmx.ch,41774894929,Switzerland
Pamela,Casal,pamela.casal@outlook.com,41799638665,Switzerland
Walter,Honegger,walter.honegger301256@gmail.com,41712301255,Switzerland
Lola,Lemoine,nathan.dupuis2@ifastnet1.com,41595188280,Switzerland
Yesenia,Parra,jese@hotmail.com,41774764820,Switzerland
Sefi,Ukshini,sefiu1686@gmail.com,41794055126,Switzerland
Ozcan,Nevzat,nejdetanton@gmail.com,41765703750,Switzerland
Melanie,Miani,melanie.miani@hotmail.com,41797403951,Switzerland
Glenn,Gossweiler,glenn.gossweiler@bluewin.ch,41798415297,Switzerland
Franziska,Ruppli,1967anddogs@gmail.com,41787906998,Switzerland
Markus,Hunziker,mhunziker1198@bluewin.ch,41794140141,Switzerland
Patrizia,Giezendanner,Patriziagiezendanner@outlook.com,41797662835,Switzerland
Eleonora,Borovszky,bor07@freemail.hu,41794556814,Switzerland
Gabriela,Hafeli,gabrielahafeliweilenmann@gmail.com,41799058724,Switzerland
Sven,Hoffmann,sven.hoffmann@bluewin.ch,41612732370,Switzerland
Armando,Melchioretto,ar.me1987@hotmail.com,41796636464,Switzerland
Ihrseiderbarmlich,Ichhoffeihrbekommtkrebs,ichhabeureip@gmail.com,41753649272,Switzerland
Haltdie,Fresse,haltdiefresse@gmail.com,41793273849,Switzerland
Urs,Torri,utorri@bluewin.ch,41792164882,Switzerland
Iris,Herren,irisherren@bluewin.ch,41797214237,Switzerland
Manuel,Schmid,schmidix78@gmail.com,41786302275,Switzerland
Melisa,Kazazi,melisa_kazazi@hotmail.com,41765802308,Switzerland
Janet,Vieira,vieira.janet@icloud.com,41787962103,Switzerland
Flagrant,Hajdari,fughajdari@icloud.com,41798975436,Switzerland
Samira,Wiedenmeyer,wiedenmeyers@gmail.com,41766753473,Switzerland
Martin,Weber,weber.lieli@bluewin.ch,41794018647,Switzerland
Claudia,Zimmermann,czimmerman@gmx.net,41798307858,Switzerland
Petra,Coenen,kreadu@gmail.com,41792709006,Switzerland
Carina,Monteirovieira,carina_monteiro_vieira@hotmail.com,41788990489,Switzerland
Zeljko,Rogulja,tipklick@gmail.com,41795553090,Switzerland
Marco,Bianda,mrcbianda@gmail.com,41793540111,Switzerland
Flavia,Egger,flavia.miggu@bluewin.ch,41796885742,Switzerland
Wolfgang,Weber,wolfing.fzp@gmail.com,41764829742,Switzerland
TesstTestovic,Shifti,tesst@direct.com,41619456831,Switzerland
Katharina,Gysi,kagy@bluewin.ch,41793200949,Switzerland
Natalie,Biasch,natalie99.nb@gmail.com,41795832855,Switzerland
Enrico,muller,hrmueller1980@aol.com,41791553280,Switzerland
Bashardost,Omid,omid_plo89@yahoo.com,41768147687,Switzerland
Ludwig,Rueesch,luis.rueesch@gmail.com,41795499616,Switzerland
Aristide,Koide,ari.koide@hotmail.ch,41765334833,Switzerland
Arnold,Reber,asreber@bluewin.ch,41334373017,Switzerland
Natasa,Ilic,srbilici@gmx.ch,41763480025,Switzerland
Remo,Grutter,gruetter.remo87@gmail.com,41796503322,Switzerland
Ailin,Schifferle,ailin91@gmx.ch,41786836207,Switzerland
Urs,Voney,pneuhuesli@bluewin.ch,41768014435,Switzerland
Noah,Senn,noah.l.senn@outlook.com,41786690448,Switzerland
Constantinos,Ziliotis,lomiciau@yahoo.de,41764778487,Switzerland
Kevin,Robert,kevinrobert284@gmail.com,41764390517,Switzerland
Sambira,Scheiwiller,sambira.scheiwiller@me.com,41799493385,Switzerland
Melina,Gerber,melina.gerber.mg@gmail.com,41798886604,Switzerland
Kevin,Kahle,lampenartbasel@gmail.com,41787729955,Switzerland
Elsbeth,Basler,e.basler@yetnet.ch,41628272574,Switzerland
Biljali,Behram,berii67@hotmail.com,41794134029,Switzerland
Raphael,Murer,murerraphael@gmail.com,41762320630,Switzerland
Wim,Ouboter,wim.ouboter@micro.ms,41794035228,Switzerland
Mohammed,Samneh,msamneh@bluewin.ch,41775051844,Switzerland
Thomas,Rubin,rubinthomas@bluewin.ch,41795180363,Switzerland
Celine,Bretscher,celine.bretscher@gmail.com,41765058772,Switzerland
Moritz,Spaar,moritz.spaar@gmail.com,41798946702,Switzerland
Rahel,Bischoff,smiley.r@gmx.ch,41794814635,Switzerland
Ergun,Karamuk,ergun.karamuk@gmx.net,41443916462,Switzerland
Mostafa,Baghdadi,baghdadi@live.com,41797469362,Switzerland
KarinPetraBarbara,Barth,karinbarthtreuhand@swissonline.ch,41792454600,Switzerland
Daniel,Nastevski,danielnastevski85@yahoo.com,41767571719,Switzerland
gjilsime,ilazi,gjilsome24@icloud.com,41765731361,Switzerland
Fiorella,SchmuckiMuggler,indiosflower@hotmail.com,41796345302,Switzerland
Daniel,Baldegger,baldis@sunrise.ch,41787526968,Switzerland
Andrea,Palano,a.palano@gmx.net,41799151600,Switzerland
Gyger,Italo,italo.gyger@gmx.ch,41786359530,Switzerland
Corina,Lampert,xymena@bluewin.ch,41799217153,Switzerland
Renato,Buhler,renatobuhler@icloud.com,41797879507,Switzerland
Daniel,Barnes,daniel_lee_barnes@yahoo.com,41764773324,Switzerland
Mario,Frohlich,m.Lustig@yetnet.ch,41798222231,Switzerland
Emilia,Donceva,emilia.d_@hotmail.com,41765180120,Switzerland
Bruno,Oswald,bruno.oswald1950@gmail.com,41797904397,Switzerland
Neher,Roger,roger.neher@bluewin.ch,41794131968,Switzerland
Andrea,Meier,andreakatjameier@gmx.ch,41798850732,Switzerland
Dean,Aerni,daerni12@gmail.com,41786615774,Switzerland
Peter,Vinzens,reto8181@icloud.com,41796068181,Switzerland
Celine,Swanepoel,celine.swanepoel@gmail.com,41798349131,Switzerland
Sven,Ramseier,ramseiersven2@gmail.com,41797023461,Switzerland
Beatrice,Biser,Beatrice.biser@gmail.com,41791769668,Switzerland
Theodor,Ruber,theodor.rueber@bluewin.ch,41797882969,Switzerland
Georg,Siegl,gesiegl@hispeed.ch,41795035855,Switzerland
Georg,Marugg,georgmarugg@gmail.com,41782700188,Switzerland
Anita,Scheidegger,anitascheidegger73@gmail.com,41795127527,Switzerland
Natasa,Mihajlovic,natasa123_@hotmail.ch,41765031304,Switzerland
Melissa,Terzini,melissa.terzini@gmail.com,41798888010,Switzerland
Sandra,Frank,sandrafrank07@gmail.com,41796255357,Switzerland
emil,andermatt,emil.andermatt@bluewin.ch,41791251016,Switzerland
Marc,Fankhauser,marcfankhauser12@gmail.com,41798813766,Switzerland
Hans,Meier,joh01808@xcoxc.com,41751222223,Switzerland
Brunna,DosSantos,brunnadossantos27@gmail.com,41788389137,Switzerland
Ali,Diriye,boore3@hotmail.com,41765849837,Switzerland
Severin,Muller,seviinter@hotmail.com,41792930409,Switzerland
Aicha,Marah,aicha.marah94@gmail.com,41795513351,Switzerland
Rolf,Schlatter,rolf_schlatter@bluewin.ch,41795653638,Switzerland
Luigino,Doto,doto@gmx.net,41764764040,Switzerland
Luca,Nadler,luca.nadler@hotmail.ch,41799617952,Switzerland
Tairi,Nazire,naziretairi@icloud.com,41767132779,Switzerland
melanie,Luthi,melanie.luethi27@gmail.com,41795322062,Switzerland
chiara,gantenbein,chiara.gantenbein@hotmail.com,41796900073,Switzerland
Sanja,Doneva,doneva_sanja@hotmail.com,41765884749,Switzerland
Anna,Casalini,facebookannalaura@gmail.com,41798561810,Switzerland
Beatrice,Imboden,bea.imboden@bluewin.ch,41797810028,Switzerland
Paul,WaldeGerle,walde.paul@yetnet.ch,41796905063,Switzerland
Vanja,Luscher,vlu@bluewin.ch,41796622852,Switzerland
KArl,Baur,ikbaur@hispeed.ch,41784086968,Switzerland
Marion,Reber,marion.reber@bluewin.ch,41794598389,Switzerland
Thomas,Eggimann,thomas_eggimann@bluewin.ch,41796020884,Switzerland
Michelle,DealmeidaBauer,m.bauer1710@gmail.com,41763664399,Switzerland
Ferreira,Susana,panthera-quattro@hotmail.com,41767329200,Switzerland
Miladic,Igor,dajana.09@hotmail.com,41766750515,Switzerland
Sabrina,Arnold,saebi.arnold@hotmail.ch,41797154506,Switzerland
Luca,Valvasori,luca.valvasori@gmx.ch,41763741529,Switzerland
Raffaele,Conte,raconte76@yahoo.de,41794372090,Switzerland
Rrahim,Mujaj,rrahimm21@gmail.com,41767814146,Switzerland
Valbona,Bala,balavalbona@outlook.de,41799461970,Switzerland
Manuela,Zellweger,mstraessle87@gmail.com,41797964202,Switzerland
Pascal,Heimlicher,mail@pascalheimlicher.com,41794056764,Switzerland
TRUY,Troeung,troeungtruy@yahoo.com,41765468455,Switzerland
Hampi,Toggenburger,hanspeter.toggenburger@glkb.ch,41793380082,Switzerland
Judith,Ludi,judith.luedi66@gmail.com,41414708416,Switzerland
rico,caduff,ricoantoni.rc@gmail.com,41767613176,Switzerland
Hermann,Schmalzbauer,info@schmalzi.ch,41794099100,Switzerland
Adrian,Fink,a.fink@eurogate.ch,41796961983,Switzerland
Thomas,Gossweiler,tom.mail@gmx.ch,41791568327,Switzerland
Sara,Bolliger,mail@sarabolliger.ch,41787851805,Switzerland
Klaus,Wieser,wieklaus@hotmail.com,41795905318,Switzerland
Suki,Vellupillai,sukirthan.vellupillai@hotmail.con,41797216397,Switzerland
Andre,Lauper,andrelauper22@gmail.com,41775367718,Switzerland
Miftari,Gzim,rado_ch@msn.com,41763175006,Switzerland
Isabel,Wyssbrod,isabel.wyssbrod@bluewin.ch,41792732462,Switzerland
Patrizia,Cavaliere,patriziacavaliere@me.com,41799082624,Switzerland
Patrice,Buhler,patrice.buehler42@gmail.com,41787940860,Switzerland
Simon,Blum,simi-blum@hotmail.com,41798855098,Switzerland
andre,laser,andre.laeser98@gmail.com,41799334699,Switzerland
Kurt,Itin,kuit1961@gmail.com,41765276470,Switzerland
Maria,Mbuthye,maryafritz00@gmail.com,41779959769,Switzerland
Michael,Wuthrich,michael.wuethrich@hotmail.de,41767782615,Switzerland
Georges,Meyer,georges.m@hispeed.ch,41791551942,Switzerland
Wendy,Heiniger,wendy.heiniger@bluewin.ch,41795999726,Switzerland
Werner,Rechsteiner,wpsrechsteiner@bluewin.ch,41617217335,Switzerland
jasmin,dittli,jasmindittli2@gmail.com,41764817697,Switzerland
Harald,Schweighofer,endurance1@gmx.net,41793186763,Switzerland
Beat,Hostettler,beat-hostettler@gmx.net,41799198286,Switzerland
Jordana,Gisler,jordana.gisler@bluewin.ch,41794005991,Switzerland
David,Knutti,d.knutti@hotmail.com,41799113920,Switzerland
Clayton,Deiss,clayton_deiss@yahoo.com,41767035722,Switzerland
Bettina,Mulaj,bettinamulaj12@gmail.com,41798863765,Switzerland
Petra,Gisler,pe.gisler@bluewin.ch,41788102222,Switzerland
Nadja,Klaus,nadja.klaus@bluewin.ch,41796653600,Switzerland
Nazim,Susak,nsusak72@gmail.com,41763935510,Switzerland
Zsolt,Gyorgy,zsoly335@gmail.com,41782251519,Switzerland
Afrim,Miftari,miftari.afrim@icloud.com,41763855149,Switzerland
HelderFilipe,CorreiaAndrade,helderfilipeandrade@gmail.com,41766676991,Switzerland
Sandro,Dietiker,sandro.dietiker@bluewin.ch,41789244894,Switzerland
Samantha,Compagnino,fam.compagnino@icloud.com,41795060826,Switzerland
Yanik,Feller,feller.yanik@hotmail.com,41793380510,Switzerland
Meisam,Kadkhoda,kadkhodameisam82@gmail.com,41779578295,Switzerland
leon,fluckiger,leon.flueckiger@securitas.ch,41787536621,Switzerland
Peterpaul,Alig,peterpaul.alig@gmail.com,41763808033,Switzerland
Noeli,DAmbrosio,noelia.dambrosio@bluewin.ch,41789277263,Switzerland
Martin,Zurcher,martin.zuercher@mail.com,41762240711,Switzerland
Ganimete,Ristemi,beautyspaani@gmx.de,41763200254,Switzerland
Regula,Degen,regula.degen@bluewin.ch,41793597700,Switzerland
Pascal,Wehrle,p.wehrle@gmx.net,41796603091,Switzerland
besart,gashi,besartgashi1@icloud.com,41766529217,Switzerland
Remo,Graf,graf.remo@gmx.ch,41792100151,Switzerland
Ljiljana,Stelitano,lifrati@bluewin.ch,41714636594,Switzerland
Laura,Minder,lauraminder20@gmail.com,41763714207,Switzerland
Ralf,Schwyter,ralfschwyter@bluewin.ch,41798863305,Switzerland
Victor,MartinezAndrade,vic.hugo26mtz@gmail.com,41782184425,Switzerland
Altin,Gega,gega-altin@hotmail.com,41766834771,Switzerland
martina,kretz,martina.kretz@gmx.ch,41793069863,Switzerland
Mehdi,Ghoreishi,mehdi.gh1965@hotmail.com,41798515365,Switzerland
Tamer,Heder,handzarbosna@gmail.com,41762862510,Switzerland
dosSantosTeixeira,NunoAntonio,snackebitte@gmail.com,41799428112,Switzerland
kadisha,sow,kadi-sow@hotmail.com,41762461516,Switzerland
Marco,Diggelmann,marco.digi84@gmail.com,41798587909,Switzerland
Stefan,Fischer,stefanfischer666@gmx.ch,41798687666,Switzerland
Daniel,Volcek,danielvolcek@gmail.com,41762864402,Switzerland
Felix,Weber,feweb@gmx.ch,41767750523,Switzerland
Ruben,Caseiro,rubencaseiro99@gmail.com,41787182129,Switzerland
Noemi,Luthi,luthinoemi@gmail.com,41797968243,Switzerland
Ahmet,Yldz,yia74@hotmail.com,41764205017,Switzerland
Larissa,Bolzli,l.bolzli@gmx.ch,41794626031,Switzerland
Angela,Metraux,angela.metraux@gmail.com,41764576612,Switzerland
Jakob,Schneeberger,jb.schneeberger@bluewin.ch,41786829227,Switzerland
TaulantMustafa,mustafa,taulant.arbenita@icloud.com,41792265297,Switzerland
Dennis,Huhn,dennis.huehn@gmail.com,41764723324,Switzerland
Sylvie,Haltinner,w454@bluewin.ch,41793186172,Switzerland
Veronica,DeCeglia,vero_deceglia92@hotmail.com,41763363804,Switzerland
Biatriz,DaCunha,bia.dcunha@gmail.com,41789673233,Switzerland
MariaFe,Schneider,mariafeschneider@gmail.com,41789363766,Switzerland
Erich,Maurer,erichmaurer@shinternei.ch,41796508460,Switzerland
Aregawi,Daniel,danielaregawi01@gmail.com,41765320262,Switzerland
Marc,Bischoff,marc.bischoff@eclipso.ch,41794380078,Switzerland
Cihangir,Yuoaf,cihangir.89@hotmail.com,41765113302,Switzerland
Andreas,Erny,andreaserny@hotmail.com,41797395286,Switzerland
Simon,Kaeser,simonkaeser6@gmail.com,41792062082,Switzerland
Andreas,Tischer,anditischer77@gmail.com,41797315514,Switzerland
Barbara,Vetter,barbaravetter@besonet.ch,41797355964,Switzerland
Dusica,Randjelovic,drkosmetik@gmail.com,41798219925,Switzerland
Kim,Wehrhahn,kim.wehrhahn99@gmail.com,41766046964,Switzerland
Stephan,Geiser,gesafunk@gmail.com,41792933261,Switzerland
Duranec,Bernarda,bernarda.du.dre@gmail.com,41794531525,Switzerland
Rolf,Bartsch,kenzo77@bluewin.ch,41796692976,Switzerland
Pia,Wyssling,p.wysssling@bluewin.ch,41775362614,Switzerland
Ethem,Yazici,ethem9yazici@hotmail.ch,41798825757,Switzerland
Werner,Zingg,wezidesign@gmail.com,41774908276,Switzerland
Luwisa,Gebrehiwet,temeharit@gmail.com,41762511901,Switzerland
Jasmin,Bruhwiler,jasminbruehwiler@gmail.com,41795269840,Switzerland
Nico,DaRugna,ndarugna@gmail.com,41791714013,Switzerland
Schlegel,Markus,schlegelmarkus6@gmail.com,41796453097,Switzerland
Lili,Ozsvath,lili.ozsvath.2000@gmail.com,41765653575,Switzerland
ramona,deck,deckramona3@gmail.com,41786179662,Switzerland
Thomas,Roth,thomas.roth61@bluewin.ch,41796778769,Switzerland
Zumstein,Armando,armando.zumstein@hotmail.com,41792194727,Switzerland
Zilan,Ilbas,zilanilbas19@gmail.com,41793040490,Switzerland
Oliver,Ritzmann,oelenzrizzi@gmail.com,41775209144,Switzerland
Rainer,Fischbach,fischbachrainer@aol.com,41795088032,Switzerland
Elvira,Armaterra,elviterra@hotmail.com,41794411438,Switzerland
Dabea,Wartenweiler,dabeawartenweiler@msn.com,41787337589,Switzerland
Ali,Incedayi,sunnybaby175@gmail.com,41782575150,Switzerland
Handschin,Handschin,handschin.rene@bluewin.ch,41798506760,Switzerland
Darija,Bollhalder,darijavignjevic@gmail.com,41786794118,Switzerland
Jost,Meister,jost.meister@bluewin.ch,41794152617,Switzerland
Sandro,Klotzli,s.k1998@icloud.com,41799133732,Switzerland
Ben,Kalin,nebneb0409@gmail.com,41764637081,Switzerland
Othmar,Frei,othmar.frei@hotmail.ch,41794526243,Switzerland
Nadja,Bigler,nadirst84@yahoo.de,41793033145,Switzerland
bab,jdjdjdd,jdkddk@ndndn.yw,41717378383,Switzerland
Werner,Wohlwend,wernerw@hotmail.ch,41765402879,Switzerland
Morgan,White,morgan.w42@gmail.com,41788540832,Switzerland
Diana,Schadler,diana.scha@hotmail.com,41786303098,Switzerland
Anna,Eicher,aneicher@gmx.ch,41799485516,Switzerland
Daniel,Machado,machado7654321@gmail.com,41762168345,Switzerland
Tara,vonLandskron,taraalina.vl@hotmail.com,41788028257,Switzerland
Belinda,ATHMAN,belinda.athman@gmail.com,41763753520,Switzerland
Rene,Freund,renefreund@bluewin.ch,41762200962,Switzerland
Dan,Tanner,meinrad@gmx.ch,41797704090,Switzerland
Ferhat,Mumcu,ferhatmumcu@hotmail.com,41788616157,Switzerland
Pashk,Nikollaj,nikollaj.pashki@gmail.com,41764254583,Switzerland
Christina,Schuler,christina.schuler@gmx.ch,41795141755,Switzerland
Mia,Buettiker,mia.kyomi.buettiker@gmail.com,41799439311,Switzerland
Ibrahim,Ozkenar,ibrahim.xhandel@gmail.com,41798698385,Switzerland
Monika,Costa,monika779.mdc@gmail.com,41792368229,Switzerland
Karsten,Roder,karsten.roeder.online@gmail.com,41764807614,Switzerland
Fatlind,Mulaj,fatlind0660@gmail.com,41787260151,Switzerland
Rabin,Tagore,tagore@gmx.ch,41767013399,Switzerland
Markus,Krebs,krebsmarku@gmail.com,41793079378,Switzerland
Marco,Visciani,visciani1993@gmail.com,41763051795,Switzerland
Walter,Rupp,walti.rupp@bluewin.ch,41765348680,Switzerland
Iva,Shterianova,iva.staykov@gmail.com,41779874709,Switzerland
Cornelia,Amado,c.amado@gmx.ch,41797108541,Switzerland
Beatrice,Schneider,bea-schneider@bluewin.ch,41793024826,Switzerland
TommyPhongsakon,Sapwanna,sapwanna80@gmail.com,41782202792,Switzerland
Alexander,Rechsteiner,alexander.rechsteiner999@gmail.com,41792288435,Switzerland
Gerda,Bianconi,gerda.bianconi@bluewin.ch,41774067929,Switzerland
Patrizia,Decandidocarone,patrizia.dec@gmx.ch,41765870341,Switzerland
Manuela,Gisler,mg.manuelagisler@gmail.com,41764971191,Switzerland
Lenherr,Silvia,silvialenherr64@gmail.com,41798182953,Switzerland
Patrik,Zamparo,zappa2702@gmail.com,41792105476,Switzerland
Daniel,Marbacher,dani.marbi@gmail.com,41791245542,Switzerland
David,Zeindler,zeindler98@gmail.com,41764471198,Switzerland
Daniela,Schneider,danielaschneider455@gmail.com,41798698306,Switzerland
Ummuhan,Karakulak,m.karakulak1907@gmail.com,41796809455,Switzerland
Flavio,Silva,flavio_p_silva92@hotmail.com,41765843835,Switzerland
Alice,Bauer,alice_island@hotmail.com,41782437760,Switzerland
Stefan,Schuler,schuler.stefan@gmx.ch,41764414449,Switzerland
Melina,Eschbacher,melina.eschbacher@gmx.ch,41765428613,Switzerland
Dominic,Jaggi,jaeggi_d@gmx.ch,41795116722,Switzerland
Josipa,Zivko,josipa.galic.zivko@gmail.com,41798441749,Switzerland
Anita,Nietlispach,anita.nietlispach@bluewin.ch,41786077487,Switzerland
Margrit,Rusch,rusch.margrit@bluewin.ch,41719664149,Switzerland
Renate,Gerber,re.gerber@vtxmail.ch,41795102431,Switzerland
Timur,Koc,larjay0@gmail.com,41762289936,Switzerland
Simona,Husztik,alexsimo4@yahoo.es,41765423299,Switzerland
Barbara,Diriwachter,bdiriwaechter@gmx.ch,41793730840,Switzerland
Sibylle,Strahl,straehl.s@gmail.com,41796766868,Switzerland
Markus,Ruegsegger,dama_ruegsegger@bluewin.ch,41797504603,Switzerland
Brigitte,Badji,bisoubella22@yahoo.de,41792286184,Switzerland
Manuel,Lottaz,manuel_lottaz@hotmail.com,41797805559,Switzerland
Fabrice,Mawete,fabrice706@hotmail.com,41764469694,Switzerland
Denis,Bos,mr_denis_b@hotmail.com,41787197868,Switzerland
Eugene,Michels,eugenemichels1997@web.de,41782488790,Switzerland
YangchenLhamo,Dhonduptsang,lhamo2896@gmail.com,41763945200,Switzerland
Nicolaj,Herrmann,nicolaj.herrmann12@gmail.com,41792936360,Switzerland
adi,meier,ostschweizer80@me.com,41764601280,Switzerland
Rico,Frei,piafrei@outlook.com,41797677383,Switzerland
Samantha,Iliev,samantha.iliev@gmail.com,41799439563,Switzerland
Dirk,Ensminger,Emmy2002@freenet.de,4.12E+12,Switzerland
Peter,Eberli,daow.peter@gmx.ch,41796592183,Switzerland
Rolf,Staubli,rolfstaubli@hotmail.com,41795522517,Switzerland
Martin,Casanova,casanova-martin@hotmail.com,41794309528,Switzerland
Beatrice,Liera,beatrice.liera@bluewin.ch,41794642120,Switzerland
Kunz,Thomas,thomas.kunz@draeger.com,41793024193,Switzerland
Lieberherr,Walter,lieberherrwalter242@gmail.com,41786396425,Switzerland
Kevin,Berger,k.berger1910@gmail.com,41762865312,Switzerland
karlheinz,richner,Gurzelen@outlook.de,41795047896,Switzerland
Fiknete,Izairi,izairi.fiknete@hotmail.com,41774265269,Switzerland
Rolf,Lanker,rolf64.lanker@bluewin.ch,41793604648,Switzerland
Niklas,Teitge,zerocooln@aol.com,41792554166,Switzerland
Ruth,Colongo,colongo.ruth@bluewin.ch,41765711494,Switzerland
NirmalaSriNishantha,Weerasinghe,nweerasinghe@Bluewin.ch,41795395823,Switzerland
Nenad,Simeunovic,n.simeunovic@bluewin.ch,41763269291,Switzerland
David,Sternisa,davidsternisa@gmx.at,41766977946,Switzerland
Ruth,Horat,horat24@icloud.com,41787225849,Switzerland
Nicola,DelBiaggio,delbi@bluewin.ch,41793373000,Switzerland
Philippe,Keller,kellerphilippe08@gmail.com,41786202700,Switzerland
Zehnder,Adrian,adrianzehnder@hotmail.com,41796071998,Switzerland
Boris,koller,koller.boris@gmail.com,41796487721,Switzerland
Kai,Casanova,Kaicasanova7@gmail.com,41791243608,Switzerland
Christian,Wuthrich,chrigu.wuethrich@gmx.ch,41764741185,Switzerland
Wenger,otto,ottowenger@gmx.ch,41774730103,Switzerland
Franziska,Kempf,franzig@gmx.ch,41795028852,Switzerland
Agnrs,Aeberhard,agiaeberhard@gmail.com,41788042930,Switzerland
Pascal,Sterchi,pascal-sterchi@bluewin.ch,41797649639,Switzerland
Tamara,Fekete,tammietf12@web.de,41772528206,Switzerland
Nicola,Beyeler,big.ben.nr1@gmail.com,41799220105,Switzerland
Peter,Iselin,piselin12@gmail.com,41764237522,Switzerland
Eveline,Hufschmid,hufi4@bluewin.ch,41765810686,Switzerland
Bruno,RAMSEIER,fuchur1952@gmail.com,41795711929,Switzerland
comeme,lapatilla,tu@puta.madre,41793508990,Switzerland
Fabian,Ceni,fabianceni12@gmail.com,41766881516,Switzerland
Ruedi,Oestreicher,oestreicher@bluewin.ch,41712220336,Switzerland
Thomas,Maier,swsmat75@gmail.com,41799450504,Switzerland
Alfred,Sigg,fred.sigg@hispeed.ch,41797509829,Switzerland
David,Trachsel,dt83457@gmail.com,41774352125,Switzerland
Peter,Kraehemann,p.kraehemann@bluewin.ch,41786331118,Switzerland
Jasmin,Eggenberger,jasminse99@mail.ch,41767679984,Switzerland
CarollDelia,Pfister,caroll@gmx.ch,41797598643,Switzerland
Afrim,Demiri,afrimpimo@gmail.com,41766813161,Switzerland
Hanspeter,Giger,hanspeter.giger@hispeed.ch,41794569126,Switzerland
Oliver,Reichart,oliver_reichart@gmx.ch,41796774447,Switzerland
Ideal,Murtezaj,idealmurtezaj7@gmail.com,41764727464,Switzerland
Sven,Haettenschwiler,svenhaetten@gmail.com,41786820660,Switzerland
Gazmend,Gashi,gazmend.gashi@outlook.com,41799530297,Switzerland
Abel,Tesfa,abeltesfa624@gmail.com,41782462788,Switzerland
Tijana,Stojanovic,denisgoldi@gmx.ch,41764075981,Switzerland
Janine,Tobler,janine.anna@hotmail.de,41797809671,Switzerland
Rolf,Banziger,rolf.lindengarten@gmail.com,41797933203,Switzerland
markus,kubli,mike.kuebli17@gmail.com,41797902405,Switzerland
Younes,Soulimani,indigo-oasis@gmx.ch,41798230995,Switzerland
Premton,Brahili,toni29.zh@gmail.com,41764335426,Switzerland
Frank,Hosel,frankiautor@gmail.com,41788414320,Switzerland
Daniel,Frischholz,d.frischholz@bluewin.ch,41798482061,Switzerland
Aliji,Mentor,mentor.aliji16@gmail.com,41797093329,Switzerland
Walter,Kunz,wadi.kunz@bluewin.ch,41796806457,Switzerland
Alexandre,Prietzel,suomi-natura@gmx.net,41779099974,Switzerland
Erich,Dchriber,e.schriber@bluewin.ch,41794858610,Switzerland
Christine,stucki,stucki3@gmx.ch,41792800968,Switzerland
Markus,Zurbuchen,markus@zurbuchen-holzbau.ch,41793545457,Switzerland
Cornelis,Rutgers,cornelisrutgers@gmx.ch,41522224449,Switzerland
Anita,Valten,anita.valten@gotmail.ch,41785947996,Switzerland
Solveig,Kaiser,asaerdasolveig@hotmail.com,41782100930,Switzerland
Nicolas,Wegmuller,nicwegi@gmail.com,41774900719,Switzerland
Fabienne,Stauber,fabienne.staeuber@gmail.com,41799011277,Switzerland
SarahVeronika,Wyss,sarah-wyss@hotmail.ch,41791762701,Switzerland
Zekri,Raduni,radunizekri@hotmail.com,41765894520,Switzerland
Burki,Rosangela,rosangelabuerki@gmail.com,41762089197,Switzerland
Beat,Widmer,mabe.widmer@bluewin.ch,41796592056,Switzerland
Luca,Fischer,fischerluca@gmx.ch,41764163071,Switzerland
Grant,Stansfield,Grant.stansfield@gmail.com,41797943748,Switzerland
Jenny,Notzli,jenny-noetzli@bluewin.ch,41791237546,Switzerland
Hans,Straubhaar,hastra@bluewin.ch,41792100978,Switzerland
Sandro,Fulgheri,sandro@fulgheri.net,41793919468,Switzerland
Markus,Gmunder,gmuender91@gmail.com,41762306041,Switzerland
Johannnes,Berry,johannes.berry@bluewin.ch,41792865864,Switzerland
Louise,Turley,turley281@yahoo.com,41782499959,Switzerland
Csaba,Toth,swiss.solar81@gmail.com,41762400526,Switzerland
Fabian,Luginbuhl,luigispam@icloud.com,41787348889,Switzerland
Miriam,Ahmed,miriamahmed82@gmail.com,41797849050,Switzerland
Daniel,Hug,renihug@quickline.ch,41794444945,Switzerland
Hartmut,Engler,englerh34@gmail.com,41786846761,Switzerland
Xhejlane,Vranovci,bunjaku1991@hotmail.com,41765717060,Switzerland
Samira,Khatir,samira.wingeyer.1995@gmail.com,41799390533,Switzerland
Izabela,Zietarska,zietarskaiza@gmail.com,41768184433,Switzerland
Livio,Zeiter,liviozeiter@gmx.ch,41799519924,Switzerland
Andrea,Zwahlen,zigeunerfurz19.90@gmail.com,41774252838,Switzerland
Samiullah,Shaiban,laljuba@gmail.com,41787817101,Switzerland
David,Ruiz,daruga4@gmail.com,41766025947,Switzerland
Christoph,Hopli,christoph.hoepli@gmx.ch,41794852480,Switzerland
Daniel,Doutaz,danieldoutaz@gmail.com,41782168318,Switzerland
Elias,Roldan,eliasroldan92@hotmail.com,41786250049,Switzerland
Mario,Scognamlglio,scognamiglio12@icloud.com,41782403580,Switzerland
Denny,Meger,dennymeger2605@gmail.com,41762714191,Switzerland
Brigitte,Fankhauser,brigitte.72@gmx.net,41787083750,Switzerland
Ramona,Brandli,braendli.ramona@hotmail.com,41787902701,Switzerland
Roger,Derungs,derungsroger1@gmail.com,41798354643,Switzerland
Martin,Morath,morath.ag@gmail.com,4.12E+11,Switzerland
Livio,Stunzi,livio.stuenzi@gmx.ch,41784064521,Switzerland
Rolf,Riesen,r.riesen@riesenoggenfuss.ch,41788109751,Switzerland
Fernando,Geneto,geneto.f@gmail.com,41795272472,Switzerland
Walter,Zwygart,walter.zwygart@qiuckline.ch,41799060068,Switzerland
Jennifer,Hagedorn,jenniferjillhagedorn99@gmail.com,41789093833,Switzerland
Prisca,Tscharner,prisca.tscharner3@gmail.com,41794011963,Switzerland
sddsd,sdds,dds@sddsd.com,41313528818,Switzerland
Julia,Zobrist,juliazobrist@outlook.com,41768056388,Switzerland
Maurizio,Barbei,mauro.barbei@gmail.com,41765861246,Switzerland
Gianluca,Barbei,gianluca.barbei@gmail.com,41763061246,Switzerland
Patrick,Fankhauser,patrick.fankhauser@gmx.ch,41792350145,Switzerland
Paolo,Bianco,paolobianco29@gmail.com,41795929589,Switzerland
Jakob,Linder,mittlerbach161@hotmail.com,41794897077,Switzerland
Michael,Linder,michu.linder@gmail.com,41798565157,Switzerland
Tesfazghi,Daniel,tesfazghi.daniel@yahoo.com,41799265834,Switzerland
Linder,Roland,roelu.linder16@gmail.com,41798565809,Switzerland
Daniela,May,daniela.schwaiger@bluewin.cg,41792319004,Switzerland
Patrick,Schaufelberger,patscher@bluewin.ch,41794450137,Switzerland
Ricco,Thalmann,r_thalmann@bluewin.ch,41793363489,Switzerland
lidie,berisha,lidia.berisha@gmx.ch,41763278809,Switzerland
Susann,Ebert,susiebert22@gmail.com,41784064873,Switzerland
Ronald,Bollhagen,r.bollhagen63@gmail.com,41767163411,Switzerland
Nadia,PecinaMorales,nadiapecina98@gmail.com,41788557288,Switzerland
Gokmen,Kilic,gokiqeeefeqe@hotmail.com,41765184738,Switzerland
Mattias,Schlegel,mattias.schlegel@gmail.com,41793690993,Switzerland
Armin,Preisig,arminpreisig@bluewin.ch,41792056781,Switzerland
Doris,Beyeler,doris-beyeler5@bluewin.ch,41797192781,Switzerland
Marco,Spadino,spadino@eclipso.ch,41796979638,Switzerland
Jessica,Wackerlin,jessica.waeckerlin@gmail.com,41796070684,Switzerland
Doreen,Malle,doreen.malle@gmx.ch,41799664248,Switzerland
Nina,Muller,ninadelmolino@gmail.com,41786208600,Switzerland
Joshua,Schar,joshua90schaer@gmail.com,41765043901,Switzerland
Daniel,Kaspar,kaspardaniel69@gmail.com,41767111069,Switzerland
Neukomm,Andreas,neukomm.andreas@hotmail.ch,41793422708,Switzerland
Christian,Wieland,wieland-trade@bluewin.ch,41793524232,Switzerland
Lorena,Cicia,lorena.cicia@hotmail.com,41793065351,Switzerland
Walter,Aegerter,walter.aegerter@bluewin.ch,41795020565,Switzerland
Nigel,Fenton,nigel.fenton@gmail.com,41793701446,Switzerland
Nruno,Walder,brunowalder60@gmail.com,41793732928,Switzerland
Petra,Toth,petrato97@gmail.com,41763359654,Switzerland
Melanie,Spirgi,melanie.spirgi@gmx.ch,41794892943,Switzerland
gian,nascher,gian25019@gmail.com,41798616803,Switzerland
Barbara,Gruenig,babahop@me.com,41792081443,Switzerland
Gregory,Winter,amphiprion@gmail.com,41797001313,Switzerland
Egor,Nosov,nosovegor944@gmail.com,41799299481,Switzerland
Sidal,Yildirim,sidal77@icloud.com,41797672309,Switzerland
Keller,Patrick,p-keller@bluewin.ch,41765612097,Switzerland
Bujar,Bettoni,bujar_bettoni@hotmail.com,41795939798,Switzerland
Rufi,Osmani,rufi.o@hotmail.com,41763424589,Switzerland
Moira,Koller,moira.ballone@bluewin.ch,41763443951,Switzerland
Isabelle,Halbeisen,isa.halbeisen@gmail.com,41794618661,Switzerland
Bartosz,Iwaniuk,iwaniukbaa82@gmail.com,41767121610,Switzerland
ertdfhgrwes,ergw45re,gtreg@grt.ch,41794589632,Switzerland
Herbert,Winkler,herbertwinkler455@gmail.com,41794550688,Switzerland
Sarah,Belchior,sarahbelchior09@gmail.com,41762956908,Switzerland
Yasin,Askari,yasinaskari21@icloud.com,41786464138,Switzerland
Zlatibor,Stajic,stajic@bluewin.ch,41774033635,Switzerland
Ronald,Treiber,ronaldtrei@gmail.com,41613011030,Switzerland
Emilija,StanishkovskaVasileva,Stanishkovska@yahoo.com,41762044553,Switzerland
Hiroshi,Ogasawara,egag2008@gmail.com,41772333220,Switzerland
Sahin,Romanci,rromanci.s.70@icloud.com,41765947335,Switzerland
Laura,Furioso,arte-furioso@gmx.ch,41764298686,Switzerland
Kujtesa,Osmonaj,kujtesa11muqaj@icloud.com,41764998836,Switzerland
margrith,bortolin,mimi43@gmx.ch,41793972444,Switzerland
Sandra,Niederberger,saniederberger@hispeed.ch,41765843623,Switzerland
Mayarah,Durrer,mayarah.d@hotmail.ch,41763352286,Switzerland
Mario,Hickmann,hischi123@hotmail.de,4.12E+11,Switzerland
Sula,Hajdari,sula_hajdari1@hotmail.com,41762183513,Switzerland
Heidi,Gallinger,gall55hei@gmail.com,41788663412,Switzerland
Jannik,Bieri,jannikbieri@gmail.com,41763740079,Switzerland
Idrizi,Mumeir,ideizi-m@hotmail.ch,41765137393,Switzerland
Carlo,Berchtold,carlito98@hotmail.ch,41763782158,Switzerland
Dominique,Wyss,domi.franz10@gmail.com,41792627834,Switzerland
Shala,Samire,sh.samire@outlook.com,41766826392,Switzerland
Mathias,Schwab,matschwab@gmx.ch,41793341608,Switzerland
Andre,Leppert,andre.leppert@hotmail.ch,41768058402,Switzerland
Olaya,Fidalgo,olaya.fidalgo@gmail.com,41794768116,Switzerland
Issaias,Gebregergregis,issaiasgebregergregis9@gmail.com,41796187354,Switzerland
Marco,Osterwalder,Marco.Osterwalder17@hotmail.com,41774309121,Switzerland
Laila,Crnisanin,laila.c@me.com,41764117222,Switzerland
Ulrich,Juni,u.jueni@hotmail.com,41764284177,Switzerland
Marco,Kocher,marco.kochey@yahoo.de,41795382752,Switzerland
Kurt,Waeber,kurt.waeber@hispeed.ch,41795424410,Switzerland
Astrid,Eigenmann,astrid.eigenmann@bluewin.ch,41794224189,Switzerland
Beluli,Miranda,mirandabelulii@hotmail.com,41794107324,Switzerland
Daniel,DeBona,da.debona@outlook.com,41799562434,Switzerland
Dafina,Shala,dafina.shala99@gmail.com,41768187281,Switzerland
Peter,Spahn,gugeli@bluewin.ch,41566672109,Switzerland
Priska,Wandeler,priskadoris.wandeler@gmail.com,41414952804,Switzerland
Lolmann,Gaga,hellearist@gmail.com,41775335078,Switzerland
Manfred,Muller,m.mueller.gams@gmail.com,41787992988,Switzerland
Roberto,Chiarani,robertochiarani@gmail.com,41783143485,Switzerland
Eris,Begornia,eris_begornia@hotmail.com,41784059025,Switzerland
Liberta,Shaqiri,liberta.hoti@hotmail.com,41768179393,Switzerland
Cabdalla,XasanMaxames,xasancabdalla36@gmail.com,41787405659,Switzerland
Arpad,Pinezich,arpad.franz@gmail.com,41797375573,Switzerland
Susanne,Rohr,susanne.rohr@bluewin.ch,41792188249,Switzerland
Barbara,Muller,mueller.b.ch@gmail.com,41768181821,Switzerland
Andrea,Merkli,andrea_merkli@gmx.ch,41793838757,Switzerland
Peter,Morf,pemorf@gmail.com,41788439740,Switzerland
Daniel,Bucher,bucda@hotmail.com,41774002008,Switzerland
Georg,Christinger,george.christinger@gmail.com,41796913694,Switzerland
Bernhard,Buhlmann,baeni.b@bluewin.ch,41798569688,Switzerland
Heinz,Schwendimann,heinz.schwendimann@bluewin.ch,41795176354,Switzerland
Sarah,Meier,sarah.meier@eichacher.ch,41786031771,Switzerland
Roger,Herrmann,1roger.herrmann@blurwin.ch,41796316067,Switzerland
Steve,Miggler,migglersteve@gmail.com,41763180309,Switzerland
Marion,Kuhne,marionk@bluemwil.ch,41796867443,Switzerland
Beat,Drittenbass,beat.drittenbass@deinsound.ch,41794069049,Switzerland
Jan,Kissling,jankissling@hotmail.com,41764333428,Switzerland
Pasa,Kocyigit,zerenas@hotmail.com,41795345838,Switzerland
Frederick,Webb,fredwebb@yahoo.com,41793373491,Switzerland
yahya,zarifi,yahyazarifi@gmail.com,41783474234,Switzerland
Marcel,Kubler,marcel-kuebler@sunrise.ch,41799261216,Switzerland
Stefan,Papp,stefan15@gmx.ch,41435404414,Switzerland
Ozan,Guzelgun,levh2451@gmail.com,41796256324,Switzerland
Lukas,Bolzli,lukas.bolzli@bluewin.ch,41798854039,Switzerland
Rahel,Pulver,rahel.pulver@outlook.com,41796937544,Switzerland
Muhamed,Besic,muhamed.besic3@hotmail.com,41763275197,Switzerland
Rene,Wilhelm,renewil@icloud.com,41762515423,Switzerland
Younes,Khouya,khouya.y@web.de,41762269016,Switzerland
Martin,Accola,martin@accola.ch,41793316664,Switzerland
Karin,vanSanten,vansis_world@bluewin.ch,41792614363,Switzerland
AbdulSatar,Saedy,asaedy@bluewin.ch,41798705218,Switzerland
Delia,Braunschweiler,delia.braunschweiler@gmail.com,41782667200,Switzerland
Marco,Mathis,marco.mathis96@gmail.com,41765435705,Switzerland
Simon,Ammann,ammannsimon313@gmail.com,41765699798,Switzerland
Ulrich,Jaberg,speedster.vw@bluewin.ch,41794580804,Switzerland
Thomas,Aebi,thaebi@bluewin.ch,41794230235,Switzerland
Jana,Schmid,janajennifer.schmid@gmail.com,41799321419,Switzerland
Jan,Keller,jankeller98@hotmail.com,41764525678,Switzerland
Baskapan,Mustafa,baskapan@landgasthof-hasenstrick.ch,41793368668,Switzerland
Christian,Latella,christian_latella@hotmail.com,41763345177,Switzerland
Jakob,Hinterberger,hinjak47@gmail.com,41762502871,Switzerland
Pia,Loretz,ploretz@windowslive.com,41783162489,Switzerland
trudi,reichmuth,trudi.reichmuth@bluewin.ch,41796761377,Switzerland
Marjanco,Markovski,simprom28@gmail.com,41793398989,Switzerland
Yasmin,Javaid,yasmin-javaid@hotmail.com,41774865648,Switzerland
Cheyenne,Neuhaus,cheyenne.neuhaus@gmail.com,41788845984,Switzerland
Gwen,vanSolingen,gwenjanssen@yahoo.com,41762068986,Switzerland
Ruth,Hansmann,ru.ha@hispeed.ch,41799451730,Switzerland
Marina,Krinulovic,marina.krinu@gmail.com,41791566496,Switzerland
Fabienne,Sommer,fabienne.sommer@gmx.ch,41791972197,Switzerland
Alwxandra,Kurz,alexandrakurz82@gmail.com,41764799016,Switzerland
Sven,Hausammann,sven.hausammann@gmail.com,41799589592,Switzerland
Alisha,Niederhauser,alisha.nieder@gmail.com,41793808241,Switzerland
Pamela,Hutter,pmhutter@gmx.ch,41795110515,Switzerland
Lirinda,Musliu,lirinda_12@hotmail.com,41798492827,Switzerland
Mara,Siegrist,mara.siegrist01@gmail.com,41799125536,Switzerland
MaraNaomi,Steiner,maranaomisteiner@gmail.com,41792149510,Switzerland
Mara,Papa,nadjana1104@gmail.com,41764212674,Switzerland
Renato,Petrucciani,renatopetrucciani@gmail.com,41765331142,Switzerland
Zeno,Bernini,bernini.z@bluewin.ch,41763995400,Switzerland
Rene,Pfaffen,rene.pfaffen@gmail.com,41796291546,Switzerland
Yvonne,Schmid,yvonne_schmid@bluewin.ch,41449408241,Switzerland
real,reallead,almostreallead2112@gmail.com,41444044408,Switzerland
Hans,Willi,h-willi@swissonline.ch,41794142900,Switzerland
lore,Sauter,l.sauter@gmx.ch,41795696247,Switzerland
Karin,Nobel,steuern@karinnobel.ch,41793261291,Switzerland
Alen,Ljaljic,alen.ljaljic@icloud.com,41788941897,Switzerland
Heidi,Fuchs,nett_heidi@hotmail.com,41792568589,Switzerland
Micha,Bar,micha.baer@hotmail.com,41764148323,Switzerland
Roger,Blaesius,blaesius@gmx.ch,41795423079,Switzerland
Sandra,Affeltranger,sandra.affeltranger@gmail.com,41764220229,Switzerland
Vito,Cortese,vitocortese@msn.com,41763442193,Switzerland
Marlis,Altherr,marlis.al.90@gmail.com,41793003974,Switzerland
Pascal,Heyne,pascalheyne7@gmail.com,4.12E+11,Switzerland
Regula,MohamedBucher,reg.bucher@bluewin.ch,41796893744,Switzerland
Gabriela,Gruter,gabrielagrueter@gmail.com,41786432439,Switzerland
Urs,Jud,ursjud@hotmail.com,41792396108,Switzerland
Susi,Brechbuhl,brechbuhl.susi@gmail.com,41797765972,Switzerland
Irma,Braiotta,irma.braiotta@gmail.com,41763664731,Switzerland
MariaLouise,Nick,marielouisenick@gmail.com,41796522402,Switzerland
IhrwedetfurimmerinderHolleschmoren,ScheissBetrugerarmenLeutendasGeldausderTaschestehlen,fickteucharschloecher@gmx.ch,41764135555,Switzerland
Daniele,Pepe,deanwinch796@gmail.com,41791575999,Switzerland
Pekun,Ozdiker,xxkubi@gmx.ch,41794400534,Switzerland
Pascal,Mader,p.maeder@hotmail.ch,41795836280,Switzerland
Vivienne,Koradi,vivoosh98@gmail.com,41768170504,Switzerland
Max,Voehringer,irmax11@gmail.com,41799030204,Switzerland
Philipp,Domig,philipp.domig@bluewin.ch,41795626972,Switzerland
Obiora,Benjamin,obily@gmx.ch,41764451115,Switzerland
Laszlo,Fulop,flaszlo071272@gmail.com,41762964986,Switzerland
Susanna,Balmer,balmer-susanna@bluewin.ch,41787532859,Switzerland
Daniela,Streich,streich@gmx.ch,41767252144,Switzerland
Matt,Patrick,patrickmatt417@gmail.com,41763398706,Switzerland
Daniel,Steiger,skyliner.anhaenger@gmail.com,41788949812,Switzerland
Raffaella,Lagrotteria,Raffy@gmx.ch,41786472450,Switzerland
Villson,Simonaj,villi_01.71@hotmail.com,41791959224,Switzerland
Miroslaw,Jagodzinski,jmiroslaw.mj@gmail.com,41762062779,Switzerland
Christopher,Henkes,christopher.henkes@gmail.com,41799512299,Switzerland
Debora,Tobisch,deboraharmandojuanes0@gmail.com,41768051184,Switzerland
Sandro,Wilhelm,wilhelmsandro@hotmail.com,41795133949,Switzerland
Gianluca,Marchesi,sottoroccia@yahoo.com,41764694028,Switzerland
Natascha,Celik,nati_celik@hotmail.com,41787132299,Switzerland
Maekele,Weldu,maekele.w@yahoo.com,41787390717,Switzerland
Garcia,Yoneibi,yoneibilazala@gmail.com,41795519131,Switzerland
Fran,Ramaj,fran.ramaj@hotmail.com,41792282431,Switzerland
Bernard,Markovic,bernardmarkovic80@gmail.com,41765293377,Switzerland
Nicolas,Dupuis,niclas50010@gmail.com,41795896265,Switzerland
Luana,Pitt,lpitt1991@gmail.com,41764130428,Switzerland
Irene,Schwegler,i.schwegler@hotmail.ch,41793499810,Switzerland
Doris,Blatter,doblatter@bluewin.ch,41797527149,Switzerland
Nicole,Bieler,nicole.bieler2@gmail.com,41762019097,Switzerland
Elliot,Villemin,elliot.villemin@gmail.com,41795068723,Switzerland
Helga,Denereaz,hegadenereaz@gmail.com,41219214993,Switzerland
Urs,Trosch,weiermatt@bluewin.ch,41792865938,Switzerland
Klara,Serafimovska,klara_s87@hotmail.com,41788140786,Switzerland
Greutert,Nicole,n.greutert@gmail.com,41788490025,Switzerland
Maik,Mathys,mathys.demax@bluewin.ch,41763481530,Switzerland
Thibaud,Lefevre,thibaud.lefevre1196@gmail.com,41787047085,Switzerland
Mengsteab,Redai,mengsteabredae@7gmail.com,41762147932,Switzerland
Nsndnd,Dhdjdj,ndjdndjdjdueb@gmail.com,41798655272,Switzerland
Kathrin,Knopfli,kathrin.knoepfli@gmail.com,41792312125,Switzerland
Anton,Birrer,tony.birrer@beckenried.ch,41795462082,Switzerland
Joel,Deutsch,deutsch.joel0604@gmail.com,41782141800,Switzerland
Manuela,Wirth,m.ghorri-wirth@bluewin.ch,41795573751,Switzerland
Michel,Schaffner,schafdoy@gmail.com,41797680669,Switzerland
Gregory,Cueto,gregory.cueto@gmail.com,41797524190,Switzerland
Mark,Zimmermann,zimar88@hotmail.com,41793290824,Switzerland
Gerhard,Schneider,geri-schneider@bluewin.ch,41799623730,Switzerland
Markus,Blaser,blaser.markus@bluewin.ch,41764354217,Switzerland
Imeroski,Zuzana,i2fenstermontage@gmail.com,41765144187,Switzerland
Thomas,Martig,thomasmartig@sunrise.ch,41798681130,Switzerland
Christoph,Brechbuhler,christoph.brechbuehler@mail.ch,41791022789,Switzerland
Alexandra,Dubendorfer,u-turn@bluewin.ch,41763173221,Switzerland
Oezkan,Cam,oezkancam@telelport.ch,41798158181,Switzerland
HEINZ,Mollet,info@bonsai-mollet.ch,41796516593,Switzerland
Raths,Gertrud,ge.raths@bluewin.ch,41787375273,Switzerland
Fabiano,Spigaglia,spigaglia@gmail.com,41798859572,Switzerland
Blendi,Trolli,b.trolli@gmx.ch,41766800243,Switzerland
Manuel,Koch,loosthdfsrm@hotmail.com,41787756461,Switzerland
Heinrich,Raufer,h.raufer@gmail.com,41794191010,Switzerland
JeanBernard,Soton,bjphoni@gmail.com,41762064147,Switzerland
Andreas,Beusch,indyan@gmx.ch,41794341547,Switzerland
Shqiprim,Visoqi,svisoqi@gmail.com,41794824099,Switzerland
Bernard,Catellani,ber.catellani@gmail.com,41324224527,Switzerland
Tamo,Nadir,nadir.zoe.shiva@gmail.com,41763061185,Switzerland
Monique,Robatel,moniquerobatel@hotmail.fr,41796541593,Switzerland
Roland,Uehli,ruehli@yahoo.com,41764665518,Switzerland
Sandra,Mathey,boubouni32@gmail.com,41794798833,Switzerland
Dominique,Bouquet,bouquet.dom@bluewin.ch,41794270926,Switzerland
Adina,Vollmeier,adina62@hispeed.ch,41787395805,Switzerland
Guido,Affentranger,guido.affentranger@hotmail.com,41794563118,Switzerland
Emilie,Scherer,emilie.scherer850@gmail.com,41797827102,Switzerland
Paul,Bloch,paulbloch6@gmail.com,41789092377,Switzerland
JeanPierre,Velebny,jvelebny007@gmail.com,41798883571,Switzerland
Dragan,Georgiev,draganmarina63@gmail.com,41793642793,Switzerland
Hansruedi,Bruggmann,hbru@rsnweb.ch,41789420212,Switzerland
Herbert,Wolfisberg,hewolfisberg@bluewin.ch,41793461743,Switzerland
DorotheaMaria,Wenk,dorothea64@bluewin.ch,41799501270,Switzerland
irem,durst,irem.duerst@gmx.ch,41791020268,Switzerland
Thomas,Komorowski,tomkom1@bluewin.ch,41624230046,Switzerland
Kevin,Hani,kshaeni@outlook.com,41795913752,Switzerland
Matthias,Sutter,sutter.matthias.22@gmail.com,41768235523,Switzerland
Christina,Riedweg,christina.r@gmx.ch,41792708120,Switzerland
Alexandra,Aivazoglou,a_aivazoglou@hotmail.com,41764554208,Switzerland
HansJurgen,Schubach,schubachhans7@gmail.com,41786986600,Switzerland
Thomas,Rubin,thomasrubin98@gmail.com,41799286279,Switzerland
Denis,Hartman,nedrappe.kyle@gmail.com,41764437786,Switzerland
Edith,Mia,emia@gmx.ch,41789506788,Switzerland
Munevera,Joos,v.joos@otmail.com,41798177641,Switzerland
Roland,Schmid,tebolag@hspeed.ch,41796414066,Switzerland
Thomas,Hunziker,thunziker111@gmail.com,41765751292,Switzerland
Sadmin,Batic,saniller@gmail.com,41765807969,Switzerland
Alice,Aeschi,alice.aeschi@gmail.com,41765863849,Switzerland
Thomas,Hollenstein,holli@windowslive.com,41765614615,Switzerland
Arben,Sejdiu,arbensejdiu@windowslive.com,41765757372,Switzerland
Daniel,Gisler,daniel.gisler@bluewin.ch,41794004314,Switzerland
Gerhard,Schranz,g.schranz@outlook.com,41793533000,Switzerland
Gamma,Hubert,hg70@gmx.ch,41794082366,Switzerland
Nadja,Fischer,nadja.fischer@bluewin.ch,41796313762,Switzerland
Alessio,Bernasconi,alessio.bernasconi.9t1@gmail.com,41774253453,Switzerland
Michael,Hess,mhess7575@gmail.com,41564910793,Switzerland
Daniel,Machler,maechler_daniel@yahoo.de,41792166202,Switzerland
Antoine,Broccard,broctoine@gmail.com,41798665407,Switzerland
Michel,Lionel,lionelmichel51@gmail.com,41796212421,Switzerland
Gokmen,Pinarliyayla,gokmenpinarliyayla47@gmail.com,41782151195,Switzerland
Aldina,Icanovic,aldina.n@hotmail.ch,41763309211,Switzerland
Kubra,Kilic,kuebra-kilic@outlook.com,41768178542,Switzerland
Helene,Oertig,helene.oertig@gmx.ch,41793032891,Switzerland
Irina,Pinillos,irina.pinillos@gmail.com,41788823144,Switzerland
Alaide,Fischer,alaidefischer58@gmail.com,41791961865,Switzerland
Raphael,Duregger,schwedenpanzerr@gmail.com,41763607753,Switzerland
Anna,Anderst,anna.anderst@icloud.com,41762511997,Switzerland
Maru,Lussi,martinlussi@bluewin.ch,41796624181,Switzerland
beat,staudacher,staudacher@bluewin.ch,41797476969,Switzerland
Olivin,Wuinces,olivin-wuinces@gmx.ch,41798383186,Switzerland
Belkis,Delacruzamador,belkisdelacruzamador@gmail.com,41767451112,Switzerland
Benedetta,Cammarani,Benedetta.cammarano99@gmail.com,41789061320,Switzerland
PhuTin,Pham,futin.pham@gmail.com,41786020364,Switzerland
suter,tara,taraandrea1@gmx.ch,41797799352,Switzerland
Livio,LaNave,livio.lanave@gmail.com,41794550261,Switzerland
Jeremias,Muller,jeremiasmueller1997@hotmail.com,41764106700,Switzerland
Melanie,Raetzo,m.nevoso84@gmx.ch,41791945338,Switzerland
Ilir,Ahmeti,ilir.ahmeti1991@icloud.com,41768042021,Switzerland
Lukas,Mily,Lukasmily0@gmail.com,41765410991,Switzerland
Ludmila,Reiss,ludmilareiss74@gmail.com,41796305890,Switzerland
Marianne,Fankhauser,mariannefankhauser@gmx.ch,41786780612,Switzerland
Olivier,Lupoli,lupoli74@gmail.com,41797720728,Switzerland
Benedikt,Muller,beni.mueller1967@gmail.com,41793872612,Switzerland
Patricia,Hutmacher,patricia.hutmacher@gmx.ch,41765946632,Switzerland
hanni,christoph,christoph_haenni89@hotmail.com,41774497289,Switzerland
Uwe,Bothen,uwe.bothen@gmx.ch,41782508305,Switzerland
Lukas,Fuchs,lukas_fuchs@gmx.ch,41795150665,Switzerland
Antonio,Caroppo,tonyservice@gmx.ch,41767193020,Switzerland
Damian,Berwert,damian.berwert@belop.ch,41787121685,Switzerland
Manon,Kurmann,m.savitha@icloud.com,41762176237,Switzerland
Leonid,Rrahmani,rrahmani_leonid@hotmail.com,41798943757,Switzerland
Ute,Hertz,bissingzeile66@web.de,41317728055,Switzerland
Tabea,Haefliger,tabea.haefliger@gmail.com,41763670445,Switzerland
Samuel,Herzig,samuelherzig4@gmail.com,41767416322,Switzerland
Bruno,Jegi,kirki76@yahoo.de,41788807175,Switzerland
Hajyunes,Masoud,angelking-w@hotmail.com,41791385552,Switzerland
Miradie,Zendelji,mira.kongjeli@hotmail.com,41796102543,Switzerland
Murati,Mehmet,meti.mm@hotmail.com,41762688296,Switzerland
Elisabeth,Gremli,e.gremli@gmx.ch,41716670767,Switzerland
Giuseppe,Chiariello,giusi.chiariello@icloud.com,41791059801,Switzerland
Manuela,Ruch,manuelaruch69@gmail.com,41782108929,Switzerland
Nikolaus,Scheiber,n-th@hotmail.com,41792851719,Switzerland
Baakili,Jouda,jjouda.baakili@gmail.com,41765851775,Switzerland
Francesca,LoVaso,francescalocaso7@gmail.com,41782544121,Switzerland
Samuel,Balmer,sambalmer@bluewin.ch,41796626124,Switzerland
Mustafa,Elma,mstflm999@gmail.com,41764319552,Switzerland
Martina,Wenck,martinawenck9@gmail.com,41764949377,Switzerland
Michel,Weber,allroundminer@gmail.com,41799450549,Switzerland
ghopo,Koplo,koplo_germ@gmmil.com,41442188141,Switzerland
Selina,Zahner,seliinaz@hotmail.com,41789060895,Switzerland
Mauro,Perazzelli,perazzelli.mauro@gmail.com,41795600771,Switzerland
Giorgio,Bazzell,giorgiobazzell@gmail.com,41763320716,Switzerland
Benjamin,Meier,benji.l@ggaweb.ch,41765871305,Switzerland
Loredana,Carbone,loredana.carbone@yahoo.de,4.10E+13,Switzerland
Culaj,Angjelina,angjelinaculaj@icloud.com,41765055049,Switzerland
Jade,Duss,dussjade@gmail.com,41766804410,Switzerland
Sabrina,Peier,peiersabrina@gmail.com,41763843679,Switzerland
SalvatoreMario,Pepe,pepemario95@icloud.com,41793155685,Switzerland
jessica,gnadinger,jessica.gnaedinger@icloud.com,41763340757,Switzerland
Michael,Roth,roth.mike66@gmail.com,41763101659,Switzerland
Yves,Morerod,yves.morerod@gmail.com,41796307601,Switzerland
Bischof,Dominic,dominic.bischof95@gmail.com,41766825769,Switzerland
Michel,Schwegler,m.schwegler88@gmx.ch,41798876479,Switzerland
Jose,Guamanrigramor,miguel_85gm@hotmail.com,41779277354,Switzerland
Anuphan,Boonthat,anuck.boonthat@gmail.com,41796502408,Switzerland
Manuela,Wuthrich,coiffeurhairz@hotmail.com,41794561662,Switzerland
Isabella,Rutishauser,isabellarutishauser07@gmail.com,41794471746,Switzerland
Guido,Muller,guidomueller1001@gmail.com,41795299555,Switzerland
Thomas,Hostettler,thostettler@gmx.co.uk,41763943090,Switzerland
Daniel,Niederer,daniel.niederer@sevenfriday.com,41799273944,Switzerland
Landolt,AndreaAnna,andylandch@googlemail.com,41794060055,Switzerland
David,Moor,davidmoor@gmx.ch,41616411598,Switzerland
MariaTheresia,Bitterli,mtbitterli@hotmail.com,41791352157,Switzerland
HansAlfred,Bruhin,hansbruhin1960@gmail.comm,41796691031,Switzerland
Daniel,Scharer,daniel.schaerer60@gmail.com,41794490690,Switzerland
Daniel,Lohmer,daniellohmer@gmx.ch,41787953333,Switzerland
Deniz,Sariguel,dilay.sariguel07@gmail.com,41782595573,Switzerland
Max,Oberholzer,max.oberholzer@bluewin.ch,41797874770,Switzerland
Rolf,Schmid,rolf.schmid@quickline.ch,41798684183,Switzerland
Andy,Siegenthaler,skunky65@gmx.net,41766066920,Switzerland
Sascha,Morger,sascha.p.morger@bluewin.ch,41793550957,Switzerland
Abdelkader,Schwan,shivandussky@gmail.com,41766755725,Switzerland
Gabriela,Pollendorfer,gabi.poellendorfer@gmail.com,41754173026,Switzerland
Pierre,Hirt,pierre-hirt@bluewin.ch,41793334400,Switzerland
Andjela,Gasic,andjelagasic7@gmail.com,41789117379,Switzerland
Yorsalem,Abraham,Abraham-yorsalem@gmx.ch,41786467964,Switzerland
Maria,Disola,mariadisola@gmail.com,41795149698,Switzerland
Luayslla,DeCola,luayslla@gmx.net,41763381496,Switzerland
Besjana,Gashii,r_besjana@hotmail.ch,41786082627,Switzerland
Carsten,Wulf,ca.wu.berlin@gmail.com,41767990430,Switzerland
Adrian,Christen,Adrianchristen@windowslive.com,41795585387,Switzerland
Aldin,Mujkanovic,aldin.mujkanovic@outlook.com,41788633559,Switzerland
Alex,Peoples,PeoplesAlex@web.de,41817578398,Switzerland
Martin,Waidacher,mame76@gmx.ch,41784045211,Switzerland
MehmetEmin,Sen,memoli272@icloud.com,41765188004,Switzerland
Vareladepinapereira,Jacinta,jacintavarelapereira7@gmail.com,41767090575,Switzerland
Bovet,Sascha,saschi@borter.ch,41797861540,Switzerland
Peter,Kaufmann,kaufmann.peter@hotmail.com,41791025168,Switzerland
Antonio,Morsella,morsella75@gmail.com,41793027604,Switzerland
samantha,avecilla,samantha.avecilla@yahoo.com,41767960805,Switzerland
Paul,Muller,info@beron.ch,41794200019,Switzerland
Leonhard,Derungs,leoderungs@gmx.ch,41787929191,Switzerland
Nils,Gautschi,nils.gautschi@yahoo.com,41791706313,Switzerland
Yvonne,Frei,baexli99@hotmail.com,41792459170,Switzerland
Anni,Volkheimer,Annivolkheimer@t-online.de,4.20E+11,Switzerland
Elvis,Elvis,jasarevic.elvis1@hotmail.com,41791063331,Switzerland
Rodolfo,Vali,rodolfo.vali@yahoo.com,41764393700,Switzerland
Nik,Imhof,imhof.nik@gmx.ch,41784033415,Switzerland
Silvia,Schnider,sil.sch.5.0@gmail.com,41791785617,Switzerland
Sabina,Milosevic,s.hadzalic@bluewin.ch,41793048242,Switzerland
Tara,Tunno,tarapuetz1997@gmail.com,41767258137,Switzerland
Irena,Stojanovic,irena90@hotmail.de,41788260891,Switzerland
Aldo,Giacomelli,a.giacomelli54@icloud.com,41796103855,Switzerland
Pascal,Brudermann,brudermannp@gmail.com,41792098937,Switzerland
Paul,Steiner,ps298@bluewin.ch,41554106107,Switzerland
Tina,Hosmann,tinkerbell@funfinder.ch,41765055913,Switzerland
Ermond,Zeqiri,ermondzeq@gmail.com,41764724053,Switzerland
Vreni,Nideroest,arosa.vreni@bluewin.ch,41794593380,Switzerland
Biljana,Stambolija,biljana.stambolija@gmx.ch,41764650591,Switzerland
Julian,Grunig,julian.gruenig@ggs.ch,41763199494,Switzerland
BirgitSusanne,Mathis,birgitmathis5@gmail.com,41774018835,Switzerland
Arthur,Schneider,turi_schneider@bluewin.ch,41793410974,Switzerland
Sascha,Mucher,saschamucher@gmail.com,41786375019,Switzerland
Marko,Vuco,markovuco@hotmail.com,41764089199,Switzerland
Claude,Binet,info@massschneider.ch,41784200322,Switzerland
Adrian,Amiet,adi_amiet@hotmail.com,41795380072,Switzerland
Darko,Vujanovic,darko.vujanovic45@gmail.com,41764170329,Switzerland
Thomas,Rosti,th.roesti85@gmail.com,41792200853,Switzerland
Birrer,Michael,birrer_camaro@hotmail.com,41797355195,Switzerland
Urs,Linder,urs.linder@bluewin.ch,41792748973,Switzerland
Tim,Grieder,tim.grieder@madison.ch,41794005861,Switzerland
Natascha,Bianco,natascha.bianco@gmx.ch,41764487725,Switzerland
Sarah,Jaggi,sarah.gsell87@gmail.com,41765757222,Switzerland
Peter,Stetttler,peter.jaguar@icloud.com,41782341916,Switzerland
Clara,Dias,clarinha691@gmail.com,41791794871,Switzerland
Willi,Bolliger,willibolliger52@gmail.com,41782321207,Switzerland
dilay,dikkatli,dilay.dikkatli.dd@gmail.com,41797242999,Switzerland
Kamil,Karcin,k.karcin@hotmail.com,41788077475,Switzerland
Elisabeth,Grabuschnigg,elisabeth.grabuschnigg@outlook.com,41763817223,Switzerland
Angela,Brandle,angybraendle84@gmail.com,41789217077,Switzerland
Olga,Hochner,o.hoechner@gmx.ch,41793155313,Switzerland
Silas,Stebler,steblersilas@gmail.com,41763797106,Switzerland
Patricia,Ruf,patze1989@gmx.net,41786865400,Switzerland
Barbara,Keller,fofa_bahiana@icloud.com,41798470801,Switzerland
Sonja,Baumgartner,sonja.baum@hispeed.ch,41792147029,Switzerland
Hamid,Komeily,komeily@bluewi.ch,41793578614,Switzerland
Anita,Luscher,nia.wuffli@gmx.ch,41796124562,Switzerland
Karin,Haldimann,karinhaldimann80@gmail.com,41782614089,Switzerland
Luzius,Rath,luzius.raeth@hotmail.com,41792165166,Switzerland
Shaeline,Gsponer,shaeline-2000@hotmail.com,41795272000,Switzerland
Lara,Ramseier,laraleherstelle@yahoo.com,41788942615,Switzerland
Dora,Gurtler,doraesselmann@web.de,41762989073,Switzerland
Marianne,Muller,tavali.mueller@gmail.com,41763291132,Switzerland
AdrianRichard,Michel,adrian.michel@quickline.ch,41792155563,Switzerland
Bergmann,Pascal,pascalbergmann818@gmail.com,41764034060,Switzerland
Michael,Ruchti,michaelruchti799@gmail.com,41788978504,Switzerland
Marco,Ferreira,ana.emarco@hotmail.com,41798438907,Switzerland
andre,bontemps,evilash@hispeed.ch,41794111050,Switzerland
Erwin,Egger,erwinegger@bluewin.ch,41796693324,Switzerland
Christin,Trauzettel,ch.trauzettel@gmx.ch,41791749674,Switzerland
Claudio,Pavin,claudio@pavin.ch,41792166862,Switzerland
Elena,Man,elenamandevos@gmail.com,41764591036,Switzerland
Enis,Durakovic,enis.d62@gmail.com,41784206780,Switzerland
Marco,Fuchs,foechsu2016@hotmail.com,41799576604,Switzerland
Luca,Gallo,gallo.luca@gmx.ch,41796766292,Switzerland
georg,krattinger,ge.krattinger@bluewin.ch,41797297712,Switzerland
Gloria,Galovic,gloria.galovic@mail.ch,41791978958,Switzerland
Thomas,Robert,info.orinvest@gmail.com,41791754094,Switzerland
Sebastian,Dreesch,info@gipserei-dreesch.ch,41764238077,Switzerland
Jean,Reis,jean.reis@gmx.ch,41795063646,Switzerland
marco,bigler,ma_bia@bluewin.ch,41797595528,Switzerland
María,Lopera,marialoperaroldan@gmail.com,41788089919,Switzerland
Ioan,Mester,mesterioan@icloud.com,41797772870,Switzerland
Erni,Pius,paippy@hotmail.com,41764638166,Switzerland
Pascal,Stettler,pascal-stettler@hotmail.ch,41798351564,Switzerland
Loetscher,Robert,rob.loetscher@bluewin.ch,41792778479,Switzerland
Sascha,Berger,saschaberger76@gmx.ch,41782302969,Switzerland
Pascal,Tanner,silencer@bluewin.ch,41795428329,Switzerland
Simone,Caradonna,simonecaradonna@bluewin.ch,41765819091,Switzerland
Tatjana,Künzli,tatjanasisk@gmail.com,41763190620,Switzerland
Vahid,Karimi,vahid.karimi2376@gmail.com,41788666617,Switzerland
Dominique,Theux,dtheux@bluewin.ch,41799467733,Switzerland
Christoph,Krassler,krassler@gmx.de,41798684169,Switzerland
Nadja,Enzler,nadiaenzler@gmail.com,41798243688,Switzerland
Luca,Sturli,lucasturli@gmx.ch,41797957962,Switzerland
Christian,Steinmann,christian.steinmann@swissonline.ch,41796686672,Switzerland
Joel,Ellenberger,joel.ellenberger@gmail.com,41796276476,Switzerland
Alessandro,D'Angelo,sandro15@bluewin.ch,41796114898,Switzerland
Daniel,Aleksic,daniel.aleksic@outlook.com,41795481083,Switzerland
Joey,Ciaramella,ciaramellaj@icloud.com,41794803898,Switzerland
Jamie,Hurry,yungjjhurry@gmail.com,41794469599,Switzerland
lukas,studer,lu.st@gmx.net,41793719908,Switzerland
Quirici,Olivier,o.quirici@outlook.fr,41792577986,Switzerland
Fabienne,Portner,fabienne.portner@gmx.ch,41791797144,Switzerland
Lucca,Cichowlas,Luccacichowlas@gmx.ch,41791016313,Switzerland
Hasanovic,Ramiza,spahicramiza@hotmail.com,41789462803,Switzerland
Dalip,Capri,dalip_capri@hotmail.com,41788720815,Switzerland
Hodzic,Elvir,Elvir79@icloud.com,41787331360,Switzerland
Arza,Nuredini,arzanuhi@hotmail.con,41786668889,Switzerland
Marc,Welter,welter.marc1@web.de,41784016896,Switzerland
Mohamed,Hamda,mohamed.hamda30@gmail.com,41782255228,Switzerland
Anabel,Cruz German,anabelcruz58@yahoo.es,41779654239,Switzerland
john,merlino,j.merlino@mail.ch,41775020343,Switzerland
Dragorad,Duknic,duknicdragorad@gmail.com,41766981510,Switzerland
Daniela,Jenniges,dani.jenniges@icloud.com,41766660034,Switzerland
Da,Fonseca Fernandes Helena Manuela,manueladafonsecafernandes@gmail.com,41766061602,Switzerland
Blerta,Gashi,gashi.b@hotmail.com,41765661059,Switzerland
Lucas,Henrique Jost Viana,lucas-jost@hotmail.com,41765168967,Switzerland
Tamara,Marti,tamara.marti@outlook.com,41764970321,Switzerland
Ardiana,Qazimi,ardiana_qazimi@hotmail.com,41764264882,Switzerland
Dominik,Lukas neuenschwander,d.lukas@gmx.ch,41762600686,Switzerland
Alex,Lindemann,lindalex@gmail.om,41448976330,Switzerland
Dima,Poleg,plgdiman32@hotmail.com,41448955730,Switzerland
Roberto,De Brito,roberto197594@gmail.com,41789190646,Switzerland
Pedro,Evangelista Costa,pmecosta@gmail.com,41789668903,Switzerland
Tobias,von Ah,tobias@bluewin.ch,41792315525,Switzerland
Paulo,Marouvo,pauinhu123@gmail.com,41793281992,Switzerland
Anton,Amherd,anton.amherd@valaiscom.ch,41787536384,Switzerland
Marina,Knutti,msbe95@gmail.com,41792083392,Switzerland
Laura,DiRonzo,lauradironzo@outlook.com,41764490460,Switzerland
Benjamin,Christen,djbenjibang@gmail.com,41763350857,Switzerland
Lumnije,ElHaska,lumnije.selmani1894@gmail.com,41765851284,Switzerland
Franco,Waser,frawa1967@gmail.com,41782340026,Switzerland
Marija,Bodul,marija_bodul11@hotmail.ch,41797956616,Switzerland
Ida,Lucido,idalucido82@gmail.com,41763211811,Switzerland
Michael,Nyffeler,michaelnyf@gmail.com,41764822550,Switzerland
Ilma,Lusenti,mymafabe@gmail.com,41765957248,Switzerland
Kukavica,Selma,selma_kukavica@hotmail.com,41793174019,Switzerland
Sandra,Fankhauser,sandyfanky@gmail.com,41799543512,Switzerland
SolerSteinemann,Debora,uru_tours@bluewin.ch,41794004338,Switzerland
Guido,Palazzo,guido.palazzo@unil.ch,41216921111,Switzerland
Chiara,exer,chiaraexer@gmai.com,41796082056,Switzerland
James,Bond,agent.im.kacken@mail.de,41445851458,Switzerland
Husaric,Edina,elsanalendina@gmail.com,41779231337,Switzerland
